id,name,description,latitude,longitude,created_at,opening_hours
1,National Gallery Singapore,Take in the regionâ€™s newest and largest museum of modern Singapore and Southeast Asian art housed within two of Singaporeâ€™s awe-inspiring national monuments.,1.29,103.851356,2025-10-02 09:08:56.805071+00,"Effective from 24 November 2015, Sunday to Thursday and  public holidays,10am - 7pm ,Friday to Saturday and  eve of public holidays, 10am - 10pm"
2,Sultan Mosque (Masjid Sultan) Singapore,"Also known as Masjid Sultan, the impressive Sultan Mosque in historic Kampong Glam is the focal point for Singaporeâ€™s Muslim community.",1.302,103.859171,2025-10-02 09:08:56.805071+00,"Monday to Sunday:9.30am â€“ 12pm and 2pm â€“ 4pm ,Friday:2.30pm â€“ 4pm"
3,Sri Mariamman Temple: Hindu Temple in Singapore,"Located in Chinatown, the Sri Mariamman Temple dates back to 1827 and is the oldest Hindu temple in Singapore.",1.282,103.84538,2025-10-02 09:08:56.805071+00,"Daily from 7am â€“ 12pm, and 6pm â€“ 9pm"
4,Armenian Church in Singapore,The oldest Christian church in Singapore is an architectural masterpiece from the early 19th century.,1.293,103.84966,2025-10-02 09:08:56.805071+00,"Daily, 9am â€“6pm"
5,CHIJMES Singapore,"Whether functioning as a school or a lifestyle and entertainment complex, it appears the beauty of CHIJMES is only equalled by its versatility.",1.295,103.85168,2025-10-02 09:08:56.805071+00,"Daily, 24 hours,Opening hours of businesses in CHIJMES may vary."
6,St Andrewâ€™s Cathedral- Singapore Architecture Landmark,Singapore's largest cathedral is a stellar example of colonial-era architecture and heritage.,1.292,103.85231,2025-10-02 09:08:56.805071+00,"Monday to Saturday, 9am â€“ 5pm"
7,Kreta Ayer Square,No description available,1.281198,103.8435853,2025-10-02 09:08:56.805071+00,
8,Albert Mall Trishaw Park,No description available,1.2995489,103.8534848,2025-10-02 09:08:56.805071+00,
9,Chinatown Food Street,No description available,1.2825533,103.8437924,2025-10-02 09:08:56.805071+00,
10,"Chinatown Heritage Centre, Singapore",Experience how Singaporeâ€™s early Chinese migrants once lived and learn more about local Chinese culture at the Chinatown Heritage Centre.,1.284,103.84435,2025-10-02 09:08:56.805071+00,"Daily, 9am â€“ 8pm,Last entry at 7pm.*Chinatown Heritage Centre will be closed for renovation from 1 October 2014 till end-2015."
11,"Thian Hock Keng Temple, Singapore","Beautifully restored, Thian Hock Keng Temple is the oldest Chinese temple in Singapore and dedicated to Mazu, the Goddess of the Sea.",1.281,103.84763,2025-10-02 09:08:56.805071+00,"Daily, 7.30am â€“ 5.30pm"
12,Eurasian Heritage Centre: Singapore Attraction,This engaging heritage attraction takes you through the history and culture of the Eurasian community in Singapore.,1.31,103.89942,2025-10-02 09:08:56.805071+00,"Tuesday to Sunday, 9am â€“ 6pm, Closed on Monday"
13,Shophouses,"With many beautifully preserved examples on hand today, the shophouses in Singapore are prime examples of timeless architectural appeal.",1.277,103.837336,2025-10-02 09:08:56.805071+00,
14,Capitol Building Singapore,The queen of Singapore cinemas will soon reclaim her crown as the premier entertainment hub when Capitol Building reopens next year.,1.294,103.85157,2025-10-02 09:08:56.805071+00,
15,Esplanade Theatre,This boldly designed performing arts centre has become a memorable part of Singaporeâ€™s skyline.,1.29,103.85528,2025-10-02 09:08:56.805071+00,
16,Gardens by the Bay,"The lush and beautiful Gardens by the Bay is dominated by the sleekly sculptured biodomes â€“ marvels of architecture, design and engineering.",1.282,103.863613,2025-10-02 09:08:56.805071+00,"Outdoor Gardens: 5am â€“ 2am,Conservatories: 9am â€“ 9pm,OCBC Skyway: 9am â€“ 9pm"
17,The Interlace,Thereâ€™s more than meets the eye in The Interlaceâ€™s artful arrangement of residential blocks.,1.282,103.80305,2025-10-02 09:08:56.805071+00,
18,PARKROYAL on Pickering,PARKROYAL on Pickering is a luxurious garden oasis in downtown Singapore.,1.286,103.846522,2025-10-02 09:08:56.805071+00,
19,Lasalle College of the Arts,How can something that fits so perfectly into a cityscape evoke nature as well? It all lies in the design of Lasalle College of the Arts.,1.303,103.8516,2025-10-02 09:08:56.805071+00,"Administration Office, Monday to Friday, 9am to 6pm. Visitors can still walk around the campus after office opening hours"
20,Kranji War Memorial Landmark in Singapore,The Kranji War Memorial in Singapore honours the men and women from the Commonwealth who died in the line of duty during World War II.,1.419,103.75749,2025-10-02 09:08:56.805071+00,"Daily, 8am â€“ 6.30pm"
21,Indian National Army (INA) Monument in Singapore,This marker at Esplanade Park was one of the eleven World War II markers erected in 1995 to commemorate the 50th anniversary of the end of World War II.,1.29,103.854217,2025-10-02 09:08:56.805071+00,Daily
22,Reflections at Bukit Chandu: Singapore War Memorial,"This heritage centre relives the Battle of Pasir Panjang, one of the fiercest battles fought against the Japanese in Singapore during World War II.",1.28,103.79433,2025-10-02 09:08:56.805071+00,"Tuesday to Sunday, 9am â€“ 5.30pm,Closed on Monday (except on public holidays)"
23,The Cenotaph - a Singapore War Memorial Landmark,This war memorial in Esplanade Park honours the heroes who fought and died during World War I and World War II.,1.29,103.853838,2025-10-02 09:08:56.805071+00,Daily
24,The Civilian War Memorial park in Singapore,"Situated at the War Memorial Park in Beach Road, this memorial commemorates civilian victims of the Japanese Occupation in Singapore.",1.293,103.854618,2025-10-02 09:08:56.805071+00,Daily
25,Sri Veeramakaliamman Temple: Hindu Temple in Singapore,"Sri Veeramakaliamman Temple is one of Singaporeâ€™s oldest Hindu temples, in the heart of Little India.",1.308,103.85258,2025-10-02 09:08:56.805071+00,"Daily, 5.30am â€“ 9.30pm"
26,Maghain Aboth Synagogue,"The Maghain Aboth Synagogue is a gem in more ways than one, providing both a snapshot of history and a glimpse into a rich culture.",1.298,103.85081,2025-10-02 09:08:56.805071+00,"Visits are available only by appointment. For more information, email jewishwb@singnet.com.sg or call +65 6337 2189 (ext. 103)"
27,Old Supreme Court Singapore,"From dispensing justice to displaying art, the Old Supreme Court undergoes an overhaul for its new role as the National Gallery Singapore.",1.29,103.85128,2025-10-02 09:08:56.805071+00,Expected to open in 2015
28,SIT Flats Singapore,Take a walk back in time through the Art Deco architecture in the heritage neighbourhood of Tiong Bahru.,1.284,103.8336,2025-10-02 09:08:56.805071+00,
29,Lau Pa Sat Singapore,"The grande dame of markets in Singapore, Lau Pa Sat blends history, striking architecture and scrumptious local food into one heady experience.",1.281,103.85044,2025-10-02 09:08:56.805071+00,"Daily, 24 hours"
30,"Malay Heritage Centre, Singapore",The Malay Heritage Centre is a must-visit if youâ€™re keen on learning about the rich heritage and culture of Singaporeâ€™s Malay community.,1.303,103.85986,2025-10-02 09:08:56.805071+00,"Malay Heritage Centre Museum, Tuesday to Sunday, 10am â€“ 6pm, Closed on Monday, Malay Heritage Centre Compound, Tuesday to Sunday, 8am â€“ 8pm, Friday and Saturday, 8am â€“ 10pm, Closed on Monday"
31,Peranakan Museum Singapore: History & Culture,"Get to know Singaporeâ€™s vibrant Peranakan community and history at this top-notch museum, filled with fine artefacts and fun exhibits.",1.294,103.8492,2025-10-02 09:08:56.805071+00,"Saturday to Thursday, 10am â€“ 7pm, Friday, 10am â€“ 9pm"
32,Raffles Singapore,"Hark back to a golden age of elegant refinement and gracious living at Raffles Singapore, where the past reawakens to glorious life.",1.296,103.85404,2025-10-02 09:08:56.805071+00,"Daily, 24 hours"
33,Gillman Barracks â€“ YourSingapore,A former British military camp is now Asia's new Destination for Contemporary Art.,1.278,103.80459,2025-10-02 09:08:56.805071+00,"Tuesday to Saturday, 11am - 7pm, Sunday, 11am - 6pm , Galleries closed on Monday and public holidays."
34,ArtScience Museum Singapore,Catch world-class touring exhibitions at this premier exhibition space.,1.286,103.85929,2025-10-02 09:08:56.805071+00,"Daily, 10am â€“ 7pm, Last admission at 6pm"
35,SAM at 8Q & Singapore Art Museum,"An extension of the Singapore Art Museum, SAM at 8Q features contemporary art exhibitions and is home to a Moving Image Gallery, where film screenings are held.",1.297,103.85168,2025-10-02 09:08:56.805071+00,"Monday to Thursday, 10am â€“ 7pm, Friday, 10am â€“ 9pm"
36,Jamae Mosque (Masjid Chulia) Singapore,"Also known as Masjid Chulia, Jamae Mosque is one of Singaporeâ€™s oldest mosques and a prominent landmark in Chinatown since the 1820s.",1.283,103.84554,2025-10-02 09:08:56.805071+00,Daily
37,Institute of Contemporary Arts Singapore,This experimental art space housed in a tertiary arts college will help you deepen your understanding of contemporary art.,1.303,103.8516,2025-10-02 09:08:56.805071+00,"Tuesday to Sunday, 12pm - 7pm, Closed on Monday and public holidays"
38,Singapore Flyer,"This giant observation wheel offers 360-degree city views, a panorama that stretches to parts of Malaysia and Indonesia on a clear day.",1.289,103.863137,2025-10-02 09:08:56.805071+00,"Daily, 8.30am - 10.30pm, (last admission: 10.15pm)"
39,Marina Bay SandsÂ®,No description available,1.283,103.86081,2025-10-02 09:08:56.805071+00,
40,Marina Barrage,This innovative facility not only supplies water to Singaporeans and helps alleviate floods but also doubles up as a place for family fun.,1.281,103.87159,2025-10-02 09:08:56.805071+00,"Marina Barrage - All day  Information Counter Daily, 9am â€“ 9pm"
41,Henderson Waves Bridge,Lush jungle is broken up with a seriously creative twist in the fantastic form of the Henderson Waves bridge.,1.276,103.815254,2025-10-02 09:08:56.805071+00,"Daily, 24 hours"
42,Pinnacle@Duxton,The soaring lines and stunning views of majestic residential estate Pinnacle at Duxton will make you forget your fear of heights. Almost.,1.275,103.84142,2025-10-02 09:08:56.805071+00,"50th storey Skybridge, Daily, 9am â€“10pm"
43,Hajjah Fatimah Mosque,The Hajjah Fatimah Mosque will captivate you with its intriguing blend of cross-cultural architectural influences.,1.303,103.86285,2025-10-02 09:08:56.805071+00,"Daily, 9am â€“9pm"
44,Haw Par Villa: Singapore Theme Park,Embark on an unforgettable journey into Chinese folklore and mythology at the Haw Par Villa theme park.,1.286,103.78314,2025-10-02 09:08:56.805071+00,"Daily, 9am â€“ 7pm"
45,NUS Baba House - Singapore Peranakan Architecture,"This heritage house lends rich insight into Singapore's Peranakan community, thanks to beautifully preserved architecture and artefacts.",1.277,103.83731,2025-10-02 09:08:56.805071+00,"Visits are by appointment only.Visitors must sign up in advance for heritage tours which fall on:Monday, 2pm â€“ 3pm,Tuesday, 6.30pm â€“ 7.30pm,Thursday, 10am â€“ 11am,Saturday, 11am â€“ 12pm"
46,Hong San See Temple Singapore,"Restored by expert craftsmen from China, the Hong San See temple has been brought back to its full glory.",1.293,103.841222,2025-10-02 09:08:56.805071+00,Daily
47,"Chinese Heritage Centre, Singapore",The Chinese Heritage Centre in Singapore is where you can find out more about overseas Chinese communities and their culture.,1.344,103.68398,2025-10-02 09:08:56.805071+00,"Monday to Friday, 9.30am â€“ 5pm,Saturday and Sunday, 10am â€“5pm, Closed on public holidays"
48,Kampong Glam & Malay Culture in Singapore,"Discover Kampong Glam's rich history, living traditions, excellent eateries and trendy shops in this vibrant neighbourhood.",1.302,103.8595,2025-10-02 09:08:56.805071+00,
49,Contemporary Arts Center,"This university arts research centre explores contemporary art through exhibitions, public programmes, residencies and research programmes.",1.275,103.8045,2025-10-02 09:08:56.805071+00,"Tuesday to Sunday, 12pm â€“ 7pm Friday, 12pm â€“ 9pm , Closed on Monday. Open on public holiday."
50,"The Substation, Singapore Contemporary Art Centre",This experimental arts centre gives a space for contemporary artists to try out new concepts.,1.294,103.84934,2025-10-02 09:08:56.805071+00,"The Substation Box Office ,Monday to Friday, 12pm - 2pm and 5pm - 8pm.Saturday and Sunday, open an hour prior to weekend showtimes. Closed on public holidays.The Substation Gallery Daily, 12pm â€“ 9pm Closed on public holidays"
51,"Red Dot Design Museum, Singapore","This museum holds more than 1,000 award-winning products, communications and concepts that will delight design fans.",1.278,103.84572,2025-10-02 09:08:56.805071+00,"Monday - Friday, 11am â€“ 6 pm, Saturday and Sunday, 11am â€“ 8 pm"
52,Singapore Art Museum,"Singapore Art Museum is Singaporeâ€™s contemporary art museum, focused on Southeast Asian contemporary art.",1.297,103.851068,2025-10-02 09:08:56.805071+00,"Monday to Thursday, 10am â€“ 7pm, Friday, 10am â€“ 9pm"
53,Esplanade Theatres on the Bay,Catch a non-stop line-up of world-class performances at Singaporeâ€™s premier arts centre.,1.29,103.85528,2025-10-02 09:08:56.805071+00,"Box Office Opening Hours Daily, 12pm â€“ 8.30pm, The Esplanade Box Office will open 1 hour prior to show commencement for shows before 12 noon and will remain open up to half an hour after show commencement for shows starting after 8.30pm."
54,"National Design Centre, Singapore","The National Design Centre is the nexus for all things design. It hosts design exhibitions, events and programmes that will quicken the pulse of design lovers.",1.299,103.85351,2025-10-02 09:08:56.805071+00,"Daily, 9.00am â€“ 9.00pm"
55,Victoria Theatre Singapore,"After a four-year refurbishment, the Victoria Theatre and Concert Hall has since reopened, with its first official concert held there in August 2014.",1.288,103.851641,2025-10-02 09:08:56.805071+00,"Daily, 10am â€“ 9pm"
56,"NUS University Museum, Singapore",Get a deeper insight into Asian art and artefacts at this museum on the campus of the National University of Singapore.,1.302,103.772686,2025-10-02 09:08:56.805071+00,"Tuesday to Friday, 10am â€“ 7.30pm,Saturday and Sunday, 10am â€“ 6pm"
57,Sun Yat Sen Memorial Hall,This revamped museum is a fitting tribute to the intriguing life and times of Chinese revolutionary leader Dr Sun Yat Sen.,1.328,103.84692,2025-10-02 09:08:56.805071+00,"Tuesday to Sunday, 10am â€“ 5pm, Closed on Monday"
58,Asian Civilisations Museum & Singapore Museum,"Housed in a historical building by the Singapore River, this museum tells the stories of Asian civilisations through its permanent collections.",1.287,103.851723,2025-10-02 09:08:56.805071+00,"Saturday to Thursday, 10am â€“ 7pm, Friday, 10am â€“ 9pm"
59,National Museum of Singapore,Singaporeâ€™s oldest museum is a progressive showcase of the countryâ€™s history and culture.,1.297,103.84883,2025-10-02 09:08:56.805071+00,"Singapore History Gallery Daily, 10am â€“ 6pm,Last admission at 5.30pm.Singapore Living Galleries Daily, 10am â€“ 8pm Free admission from 6pm â€“8pm , Last admission at 7.30pm"
60,The Japanese Cemetery Park,"Located in Hougang, this is the largest Japanese cemetery in Southeast Asia and the burial ground of Singaporeâ€™s early Japanese community.",1.364,103.87584,2025-10-02 09:08:56.805071+00,Daily
61,"Dalhousie Obelisk, a Singapore Landmark",Dalhousie Obelisk at Empress Place is a famous architectural landmark in Singapore.,1.287,103.85238,2025-10-02 09:08:56.805071+00,Daily
62,Raffles Statue â€“ Sir Stamford Raffles Landing Site,"The sculpture depicts Sir Stamford Raffles, founder of modern Singapore. Two statues exist, at the Raffles Landing Site and Empress Place.",1.288,103.850845,2025-10-02 09:08:56.805071+00,Daily
63,Singapore Philatelic Museum,The Singapore Philatelic Museum offers windows into Singapore and the world through stamps.,1.293,103.8487,2025-10-02 09:08:56.805071+00,"Monday, 1pm â€“ 7pm,Tuesday to Sunday, 9.30am â€“ 7pm"
64,Old Ford Factory Singapore Museum,The Old Ford Factory holds an archive of memories about Singapore's wartime occupation by the Japanese.,1.352,103.76883,2025-10-02 09:08:56.805071+00,"Monday to Saturday, 9am â€“ 5.30pm,Sunday, 12pm â€“ 5.30pm"
65,Singapore Coins and Notes Museum & Museum Singapore,The rare collection of currencies on display here tells Singaporeâ€™s story through the money it has used over the years.,1.283,103.84452,2025-10-02 09:08:56.805071+00,"Daily, 10am â€“ 8pm"
66,Singapore City Gallery,The Singapore City Gallery tells the story of the cityâ€™s physical transformation.,1.28,103.84513,2025-10-02 09:08:56.805071+00,"Monday to Saturday, 9am â€“ 5pm"
67,Changi Museum Singapore,Changi Museum provides an emotional exploration of Singaporeâ€™s wartime history during the Japanese Occupation.,1.362,103.97403,2025-10-02 09:08:56.805071+00,"Daily, 9:30am â€“ 5pm,(Last admission: 4.30pm)"
68,MINT Museum of Toys Singapore & Toy Museum,This toy museum will delight both adults and kids with the vast collection of vintage toys and memorabilia from around the world.,1.296,103.85439,2025-10-02 09:08:56.805071+00,"Daily, 9.30am â€“ 6.30pm"
69,Lim Bo Seng Memorial,This gazetted national monument at Esplanade Park commemorates one of Singaporeâ€™s heroes from World War II.,1.288,103.853027,2025-10-02 09:08:56.805071+00,Daily
70,Universal Studios Singaporeâ„¢ Theme Park,Step into the glamorous world of movies at this world-class theme park located within Resorts World Sentosaâ„¢.,1.254,103.823808,2025-10-02 09:08:56.805071+00,Open daily at 10am.Closing time varies. Please visit the official website for more information.
71,Singapore Science Centre,This enlightening attraction holds the largest collection of educational materials devoted to science in Singapore.,1.333,103.735872,2025-10-02 09:08:56.805071+00,"Science Centre Singapore Daily, 10am â€“ 6pm(last admission: 5.15pm) .Omni Theatre Daily, 12pm â€“ 6pm (last show: 6pm) . Snow City Daily, 10am â€“ 6pm (last admission: 5pm) School and public holidays, 10am â€“ 7pm (last admission: 6pm)"
72,Fuk Tak Chi Museum & Places of Interest,Fuk Tak Chi Museum was once the oldest Chinese temple in Singapore and is an elegant example of restored architecture in Chinatown.,1.283,103.84887,2025-10-02 09:08:56.805071+00,"Daily, 10am â€“ 10pm"
73,Katong Antique House Singapore: Peranakan Heritage,"Step into this fully restored bona fide Peranakan family home, and admire the many antiques and heirlooms worthy of any museum collection.",1.307,103.90714,2025-10-02 09:08:56.805071+00,"Daily, 11am â€“ 4.30pm"
74,Chinese Garden Singapore,A tranquil patch of imperial China in the west of Singapore is pleasant respite from the bustle of the city.,1.339,103.73,2025-10-02 09:08:56.805071+00,"Daily, 6am â€“ 11pm"
75,East Coast Park Singapore,"With so many attractions packed into this 15-km stretch of beaches, youâ€™ll never run out of things to do.",1.301,103.912187,2025-10-02 09:08:56.805071+00,
76,Fort Canning Park,"Whether youâ€™re a history buff, music fan or nature lover, this historic landmark on a hill is full of surprises.",1.295,103.846509,2025-10-02 09:08:56.805071+00,
77,"Kusu Island, Singapore","If youâ€™re looking for local heritage off the beaten track with a good dash of nature, Kusu Island hits the spot.",1.223,103.860523,2025-10-02 09:08:56.805071+00,
78,"Jurong Bird Park, Singapore: Attractions & Things to Do","Jurong Bird Park has almost every species to impress avian lovers, along with fun exhibits, interactive shows, and of course, its charming residents.",1.319,103.706442,2025-10-02 09:08:56.805071+00,"Daily, 8.30am - 6pm"
79,HortPark,Lose yourself in this dreamscape of stunning gardens that will make you forget the bustle of city.,1.279,103.799724,2025-10-02 09:08:56.805071+00,"Daily, 6am â€“10pm"
80,Adventure Cove Waterparkâ„¢ Singapore,Make a big splash at this aquatic adventure park at Resorts Worldâ„¢ Sentosa.,1.257,103.819525,2025-10-02 09:08:56.805071+00,"Daily, 10am â€“ 6pm"
81,Lasalle College of the Arts,How can something that fits so perfectly into a cityscape evoke nature as well? It all lies in the design of Lasalle College of the Arts.,1.303,103.8516,2025-10-02 09:08:56.805071+00,"Administration Office Monday to Friday, 9am â€“ 6pm.Visitors can still walk around the campus after office opening hours."
82,Singapore River: History & Culture Tours,"Get to know historic Singapore River and its famous quays: Boat Quay, Clarke Quay and Robertson Quay. After all, this is where it all began.",1.288,103.84676,2025-10-02 09:08:56.805071+00,
83,Joo Chiat/Katong: Singapore Peranakan Neighbourhood,"Discover Peranakan culture as you stroll past heritage shophouses, quaint stores and eateries in this charming corner of eastern Singapore.",1.306,103.90448,2025-10-02 09:08:56.805071+00,
84,"Sentosa Island, Singapore: Leisure & Attractions","Sentosa Island is Singaporeâ€™s favourite leisure destination with exciting attractions, golden beaches, luxe retreats and the countryâ€™s first integrated resort.",1.249,103.82809,2025-10-02 09:08:56.805071+00,
85,Chinatown Singapore: History & Culture,"Singaporeâ€™s historic Chinatown is a bustling mix of old and new, filled with traditional shops and markets as well as cool stores and cafes.",1.282,103.843771,2025-10-02 09:08:56.805071+00,
86,Buddha Tooth Relic Temple & Museum in Singapore,This Tang-styled Chinese Buddhist temple in Chinatown gets its name from what the Buddhists regard as the Sacred Buddha Tooth Relic.,1.282,103.84438,2025-10-02 09:08:56.805071+00,"Daily, 7am â€“ 7pm"
87,Labrador Nature Reserve,"With its rich biodiversity and war relics, nature lovers and history enthusiasts will find plenty to do at Labrador Nature Reserve.",1.266,103.801944,2025-10-02 09:08:56.805071+00,
88,Marina Bay Singapore: Attractions & Things to do,"Marina Bay represents all things modern and super-stylish, from trendy dining destinations to exciting leisure spots.",1.28,103.856454,2025-10-02 09:08:56.805071+00,
89,"Marina Bay Sands, Singapore","This iconic integrated resort boasts luxury accommodations, upscale shopping and an infinity pool with unparalleled views of the city.",1.284,103.85899,2025-10-02 09:08:56.805071+00,Opening hours varies. Please visit the official website for more information.
90,Chek Jawa,"A world away from shopping malls and glitzy hotels, this natural wonder is one of Singaporeâ€™s richest eco-systems.",1.408,103.96371,2025-10-02 09:08:56.805071+00,
91,"Merlion Park, Singapore: Attractions & Things to Do","Half-fish and half-lion, the iconic Merlion resides at the waterfront Merlion Park.",1.287,103.854552,2025-10-02 09:08:56.805071+00,
92,Marina Bay SandsÂ® SkyPark,No description available,1.283,103.86081,2025-10-02 09:08:56.805071+00,"Monday to Thursday, 9.30am - 10pm.Friday to Sunday, 9.30am - 11pm"
93,"Resorts World Sentosa, Singapore",Experience endless excitement at Resorts World Sentosa with a variety of attractions and entertainment hot spots.,1.257,103.82033,2025-10-02 09:08:56.805071+00,Opening hours differ for the various attractions.
94,Singapore Garden & Singapore Park,This 10-km stretch of connecting trails lets you walk among the trees to observe a wide variety of flora and fauna in their natural habitat.,1.281,103.817589,2025-10-02 09:08:56.805071+00,
95,Sungei Buloh,This ecological wonder will transport you into a world rich in animal and plant life.,1.447,103.730149,2025-10-02 09:08:56.805071+00,
96,S.E.A. Aquarium,"Immerse yourself underwater at the S.E.A. Aquariumâ„¢ and discover more than 100,000 marine animals.",1.257,103.819493,2025-10-02 09:08:56.805071+00,Open daily at 10am.Closing time varies. Please visit the official website for more information.
97,Singapore Botanic Gardens,"Singaporeâ€™s oldest garden is a treasure trove for plant lovers, or those who simply want to have a good time outdoors.",1.314,103.815914,2025-10-02 09:08:56.805071+00,"Singapore Botanic Gardens Daily, 5am - 12am National Orchid Garden Daily, 8.30am - 7pm(last ticket sales at 6pm)Jacob Ballas Children's Garden Tuesday to Sunday, 8am - 7pm(last admission: 6.30pm)Closed every Monday (except when it falls on a designated public holiday)SBG Heritage MuseumDaily*, 9am - 6pm*Closed every last Monday of the month (except when it falls on a designated public holiday, it will be closed the following day)"
98,Singapore Zoo: Attractions & Things to Do,"Singaporeâ€™s zoo is a beautiful, award-winning wildlife park, where animals can roam freely in their natural habitats.",1.404,103.793023,2025-10-02 09:08:56.805071+00,"Daily, 8.30am â€“ 6pm(last ticket sale at 5.30pm)"
99,River Safari Singapore,"At the River Safari Singapore, meet manatees and monkeys, piranhas and pandas, as they congregate in and around the parkâ€™s waters.",1.404,103.789423,2025-10-02 09:08:56.805071+00,"Daily, 10am - 7pm"
100,Cable Car Singapore & Mount Faber,Getting to this hilltop dining and entertainment spot at Mount Faber by cable car  is half the fun.,1.271,103.819206,2025-10-02 09:08:56.805071+00,
101,"Night Safari, Singapore","Instead of going to a club, pop into another popular nightspot, the Night Safari, and mingle with a different crowd of animals at this special zoo.",1.402,103.788061,2025-10-02 09:08:56.805071+00,"Daily, 7.30pm - 12am .Last ticket sale at 11.15pm.F and B and retail outlets open from 5.30pm"
102,Pulau Ubin & Singapore Islands,"Gravel roads, lush forests and abundant wildlife â€“ Pulau Ubin is a living showcase of what Singapore was like in the 1960s.",1.414,103.959261,2025-10-02 09:08:56.805071+00,
103,Little India Singapore: History & Culture,Little India is a buzzing historic area that shows off the best of Singaporeâ€™s Indian community from vibrant culture to incredible shopping.,1.307,103.84982,2025-10-02 09:08:56.805071+00,
104,"Orchard Road, Singapore: Asia's Most Famous Shopping Street","Orchard Road, Asiaâ€™s most famous shopping street, is home to fashion favourites, specialist stores and loads of other lifestyle choices.",1.304,103.83249,2025-10-02 09:08:56.805071+00,
105,MacRitchie Singapore & Singapore Nature Reserve,The attractions around MacRitchie Reservoir is a playground of nature for those who love the outdoors.,1.345,103.822346,2025-10-02 09:08:56.805071+00,
106,Gardens by the Bay,"This sprawling garden in the city provides mesmerising waterfront views across three gardens, spanning over 101 hectares of reclaimed land.",1.282,103.863613,2025-10-02 09:08:56.805071+00,"Bay South Outdoor Gardens Daily, 5am - 2am Cooled Conservatories and OCBC Skyway Daily, 9am - 9pm(last ticket sale at 8pm).Far East Organization Children's Garden Tuesday* to Friday, 10am - 7pm(last admission: 6.30pm)*Closed on Tuesday if a public holiday falls on the preceding Monday Weekends and public holidays, 9am - 9pm(last admission: 8.30pm)"
107,"Civic District, Singapore","The Civic District is where Singaporeâ€™s historical, architectural and cultural heritage started.",1.293,103.85222,2025-10-02 09:08:56.805071+00,
108,"HarbourFront, Singapore","HarbourFront is the place to go if you're hopping on a cruise from Singapore, taking a regional ferry or simply want to eat, shop or relax.",1.265,103.82057,2025-10-02 09:08:56.805071+00,
109,"Bras Basah.Bugis, Singapore Cultural District","The Bras Basah.Bugis Precinct is the arts and heritage district in Singapore's civic centre, and home to museums and monuments.",1.301,103.85624,2025-10-02 09:08:56.805071+00,
110,LABRADOR NATURE RESERVE,A park in Singapore: LABRADOR NATURE RESERVE,1.267356204279249,103.8020372193653,2025-10-02 09:08:56.805071+00,
111,BUKIT TIMAH NATURE RESERVE,A park in Singapore: BUKIT TIMAH NATURE RESERVE,1.3540594774834185,103.77909858021013,2025-10-02 09:08:56.805071+00,
112,UPPER SELETAR RESERVOIR PARK,A park in Singapore: UPPER SELETAR RESERVOIR PARK,1.4012617805861975,103.80744001762055,2025-10-02 09:08:56.805071+00,
113,UPPER PEIRCE RESERVOIR PARK,A park in Singapore: UPPER PEIRCE RESERVOIR PARK,1.372790931891346,103.8118660984769,2025-10-02 09:08:56.805071+00,
114,THOMSON NATURE PARK,A park in Singapore: THOMSON NATURE PARK,1.3826408205973073,103.82203885112,2025-10-02 09:08:56.805071+00,
115,WINDSOR NATURE PARK,A park in Singapore: WINDSOR NATURE PARK,1.3568152417612294,103.82125945835783,2025-10-02 09:08:56.805071+00,
116,CHESTNUT NATURE PARK,A park in Singapore: CHESTNUT NATURE PARK,1.3768728987521912,103.7794380914777,2025-10-02 09:08:56.805071+00,
117,RIFLE RANGE NATURE PARK,A park in Singapore: RIFLE RANGE NATURE PARK,1.3471603920567965,103.78405998387908,2025-10-02 09:08:56.805071+00,
118,LOWER PEIRCE RESERVOIR PARK,A park in Singapore: LOWER PEIRCE RESERVOIR PARK,1.3692147195643873,103.82649974881977,2025-10-02 09:08:56.805071+00,
119,ZHENGHUA NATURE PARK,A park in Singapore: ZHENGHUA NATURE PARK,1.3678343883470532,103.77835108165955,2025-10-02 09:08:56.805071+00,
120,BUKIT BATOK TOWN PARK,A park in Singapore: BUKIT BATOK TOWN PARK,1.357354333611622,103.75607205285507,2025-10-02 09:08:56.805071+00,
121,BUKIT BATOK NATURE PARK,A park in Singapore: BUKIT BATOK NATURE PARK,1.3500086942926157,103.76462219368499,2025-10-02 09:08:56.805071+00,
122,LABRADOR NATURE PARK,A park in Singapore: LABRADOR NATURE PARK,1.2643669344593973,103.80339748868586,2025-10-02 09:08:56.805071+00,
123,SPRINGLEAF NATURE PARK,A park in Singapore: SPRINGLEAF NATURE PARK,1.4018864563587008,103.8202989368223,2025-10-02 09:08:56.805071+00,
124,CENTRAL CATCHMENT NATURE RESERVE,A park in Singapore: CENTRAL CATCHMENT NATURE RESERVE,1.380770971767438,103.8056173588953,2025-10-02 09:08:56.805071+00,
125,PULAU SEKUDU,A park in Singapore: PULAU SEKUDU,1.403917815667064,103.98804174981142,2025-10-02 09:08:56.805071+00,
126,PULAU UNUM,A park in Singapore: PULAU UNUM,1.4330328632249225,104.05378181778914,2025-10-02 09:08:56.805071+00,
127,BETING BRONOK,A park in Singapore: BETING BRONOK,1.4370477517511775,104.04685703680678,2025-10-02 09:08:56.805071+00,
128,DAIRY FARM NATURE PARK,A park in Singapore: DAIRY FARM NATURE PARK,1.3626384775863845,103.77355529295431,2025-10-02 09:08:56.805071+00,
129,SUNGEI BULOH WETLAND RESERVE,A park in Singapore: SUNGEI BULOH WETLAND RESERVE,1.4447381191632054,103.72452299950963,2025-10-02 09:08:56.805071+00,
130,KRANJI COASTAL NATURE PARK,A park in Singapore: KRANJI COASTAL NATURE PARK,1.443494442808356,103.73491029435843,2025-10-02 09:08:56.805071+00,
131,KRANJI RESERVOIR PARK B,A park in Singapore: KRANJI RESERVOIR PARK B,1.439647254559817,103.73782912907258,2025-10-02 09:08:56.805071+00,
132,KRANJI MARSHES,A park in Singapore: KRANJI MARSHES,1.4191552027465542,103.73022739619705,2025-10-02 09:08:56.805071+00,
133,SUNGEI BULOH SOUTHERN EXTENSION,A park in Singapore: SUNGEI BULOH SOUTHERN EXTENSION,1.4362850593518035,103.71979436257163,2025-10-02 09:08:56.805071+00,
134,KRANJI RESERVOIR PARK A,A park in Singapore: KRANJI RESERVOIR PARK A,1.4382098785134965,103.74293952628184,2025-10-02 09:08:56.805071+00,
135,BERLAYER CREEK,A park in Singapore: BERLAYER CREEK,1.2677204017234178,103.80514529311107,2025-10-02 09:08:56.805071+00,
136,PULAU UBIN AND CHEK JAWA,A park in Singapore: PULAU UBIN AND CHEK JAWA,1.4137521320857342,103.96541181276811,2025-10-02 09:08:56.805071+00,
137,RAILWAY CORRIDOR RIFLE RANGE CONNECTOR,A park in Singapore: RAILWAY CORRIDOR RIFLE RANGE CONNECTOR,1.3413819155173663,103.77932119660633,2025-10-02 09:08:56.805071+00,
138,HINDHEDE NATURE PARK,A park in Singapore: HINDHEDE NATURE PARK,1.350243689746012,103.77603671278706,2025-10-02 09:08:56.805071+00,
139,RAIL CORRIDOR,A park in Singapore: RAIL CORRIDOR,1.4034046970832672,103.7535615435598,2025-10-02 09:08:56.805071+00,
140,BUKIT CHERMIN BOARDWALK,A park in Singapore: BUKIT CHERMIN BOARDWALK,1.2652889536400571,103.80741828570511,2025-10-02 09:08:56.805071+00,
141,MACRITCHIE RESERVOIR PK,A park in Singapore: MACRITCHIE RESERVOIR PK,1.343450909087146,103.83628135800585,2025-10-02 09:08:56.805071+00,
142,KALLANG LINEAR PARK,A park in Singapore: KALLANG LINEAR PARK,1.350448945955822,103.855695269338,2025-10-02 09:08:56.805071+00,
143,OLD UPPER ALJUNIED ROAD,A park in Singapore: OLD UPPER ALJUNIED ROAD,1.338695399595206,103.87522010900422,2025-10-02 09:08:56.805071+00,
144,ARMENIAN STREET (FCP),A park in Singapore: ARMENIAN STREET (FCP),1.294482568247657,103.8495024035567,2025-10-02 09:08:56.805071+00,
145,CONNAUGHT DRIVE,A park in Singapore: CONNAUGHT DRIVE,1.2898550095739831,103.85327993307943,2025-10-02 09:08:56.805071+00,
146,CANNING RISE (FCP),A park in Singapore: CANNING RISE (FCP),1.2964151858156534,103.84788253737088,2025-10-02 09:08:56.805071+00,
147,CAMP ROAD INTERIM PARK,A park in Singapore: CAMP ROAD INTERIM PARK,1.3024565695099892,103.81847352134145,2025-10-02 09:08:56.805071+00,
148,CHANGI WEST BOARDWALK (CHANGI BC),A park in Singapore: CHANGI WEST BOARDWALK (CHANGI BC),1.390214721802019,103.9759334480344,2025-10-02 09:08:56.805071+00,
149,CHANGI PT FERRY TERMINAL,A park in Singapore: CHANGI PT FERRY TERMINAL,1.3912069094980077,103.98731252320438,2025-10-02 09:08:56.805071+00,
150,TANAH MERAH PG,A park in Singapore: TANAH MERAH PG,1.3290293360905583,103.94687554887881,2025-10-02 09:08:56.805071+00,
151,MARIAM WALK PG,A park in Singapore: MARIAM WALK PG,1.3595473597296697,103.96854744421532,2025-10-02 09:08:56.805071+00,
152,LOYANG VIEW PG,A park in Singapore: LOYANG VIEW PG,1.3630395003067224,103.96563729241967,2025-10-02 09:08:56.805071+00,
153,JLN LIMAU MANIS PG,A park in Singapore: JLN LIMAU MANIS PG,1.324734002766244,103.94904499138299,2025-10-02 09:08:56.805071+00,
154,JLN ANGIN LAUT PG,A park in Singapore: JLN ANGIN LAUT PG,1.3371839888180481,103.95622497877842,2025-10-02 09:08:56.805071+00,
155,MERA TERRACE PG,A park in Singapore: MERA TERRACE PG,1.347404439021593,103.96350603982197,2025-10-02 09:08:56.805071+00,
156,EASTWOOD PK PG,A park in Singapore: EASTWOOD PK PG,1.323160024115253,103.95756375074507,2025-10-02 09:08:56.805071+00,
157,JLN CHEMPAKA KUNING PG,A park in Singapore: JLN CHEMPAKA KUNING PG,1.3297574948727167,103.95016432778705,2025-10-02 09:08:56.805071+00,
158,JLN PARI BURONG PG,A park in Singapore: JLN PARI BURONG PG,1.3338302667621265,103.94696150148619,2025-10-02 09:08:56.805071+00,
159,JLN PARI DEDAP PG,A park in Singapore: JLN PARI DEDAP PG,1.3330205537387907,103.9438804788435,2025-10-02 09:08:56.805071+00,
160,JLN PELATOK PG,A park in Singapore: JLN PELATOK PG,1.3461443277769334,103.9603400330171,2025-10-02 09:08:56.805071+00,
161,MERAGI RD PG,A park in Singapore: MERAGI RD PG,1.3443834054676365,103.96028263817686,2025-10-02 09:08:56.805071+00,
162,SUNBIRD CIRCLE PG,A park in Singapore: SUNBIRD CIRCLE PG,1.3390909036288612,103.95824012802514,2025-10-02 09:08:56.805071+00,
163,PESARI WALK PG,A park in Singapore: PESARI WALK PG,1.32442963788354,103.9539785936791,2025-10-02 09:08:56.805071+00,
164,BEDOK RIA CRESCENT PG,A park in Singapore: BEDOK RIA CRESCENT PG,1.3274173484689635,103.95308237796718,2025-10-02 09:08:56.805071+00,
165,HARVEY CRESCENT PG,A park in Singapore: HARVEY CRESCENT PG,1.340659028078158,103.95519192385743,2025-10-02 09:08:56.805071+00,
166,MARIAM WAY PG,A park in Singapore: MARIAM WAY PG,1.3619451550131056,103.96623348811329,2025-10-02 09:08:56.805071+00,
167,BEDOK TERRACE PG,A park in Singapore: BEDOK TERRACE PG,1.3255436014309503,103.94750561924357,2025-10-02 09:08:56.805071+00,
168,KEW DR PG,A park in Singapore: KEW DR PG,1.3207095314104476,103.95175430405384,2025-10-02 09:08:56.805071+00,
169,LIMAU GARDEN PG,A park in Singapore: LIMAU GARDEN PG,1.3224821249750645,103.95069132925602,2025-10-02 09:08:56.805071+00,
170,LUCKY GARDENS PG,A park in Singapore: LUCKY GARDENS PG,1.3192870715386174,103.94137612219359,2025-10-02 09:08:56.805071+00,
171,SENNETT AVE PG,A park in Singapore: SENNETT AVE PG,1.3169670574437697,103.93628016907121,2025-10-02 09:08:56.805071+00,
172,JLN LIMAU KASTURI PG,A park in Singapore: JLN LIMAU KASTURI PG,1.3239737649827956,103.94638906084539,2025-10-02 09:08:56.805071+00,
173,KEW AVE PG,A park in Singapore: KEW AVE PG,1.3216265387648582,103.94845050181046,2025-10-02 09:08:56.805071+00,
174,KEW CRESCENT PG,A park in Singapore: KEW CRESCENT PG,1.3191875527603303,103.94858574719049,2025-10-02 09:08:56.805071+00,
175,LIMAU VILLAS PG,A park in Singapore: LIMAU VILLAS PG,1.323872450926419,103.95051409597892,2025-10-02 09:08:56.805071+00,
176,CHANGI HEIGHTS PG,A park in Singapore: CHANGI HEIGHTS PG,1.3628436477636612,103.97220437477233,2025-10-02 09:08:56.805071+00,
177,TURNHOUSE PK,A park in Singapore: TURNHOUSE PK,1.3899035701307045,103.97897923032566,2025-10-02 09:08:56.805071+00,
178,SENNETT AVE OS,A park in Singapore: SENNETT AVE OS,1.3187872216619958,103.93933426138598,2025-10-02 09:08:56.805071+00,
179,JLN LIMAU KASTURI OS,A park in Singapore: JLN LIMAU KASTURI OS,1.3244942567211289,103.94622771976445,2025-10-02 09:08:56.805071+00,
180,JLN PELATOK OS,A park in Singapore: JLN PELATOK OS,1.3461745741609257,103.96085682394701,2025-10-02 09:08:56.805071+00,
181,CHANGI EAST BOARDWALK (CHANGI FERRY TER),A park in Singapore: CHANGI EAST BOARDWALK (CHANGI FERRY TER),1.3922188152832382,103.98418177001933,2025-10-02 09:08:56.805071+00,
182,CHANGI POINT PROMENADE,A park in Singapore: CHANGI POINT PROMENADE,1.390205184340595,103.98911988020669,2025-10-02 09:08:56.805071+00,
183,CHANGI POINT WATERFRONT PK,A park in Singapore: CHANGI POINT WATERFRONT PK,1.390432538379985,103.98826627962663,2025-10-02 09:08:56.805071+00,
184,EAST COAST PARK AREA A,A park in Singapore: EAST COAST PARK AREA A,1.2940495430765617,103.8695862425583,2025-10-02 09:08:56.805071+00,
185,EAST COAST PARK AREA B,A park in Singapore: EAST COAST PARK AREA B,1.2964678008886765,103.9001313600413,2025-10-02 09:08:56.805071+00,
186,EAST COAST PARK AREA C,A park in Singapore: EAST COAST PARK AREA C,1.3003516412785827,103.9124608129566,2025-10-02 09:08:56.805071+00,
187,EAST COAST PARK AREA D,A park in Singapore: EAST COAST PARK AREA D,1.3042740200267717,103.92522216230093,2025-10-02 09:08:56.805071+00,
188,EAST COAST PARK AREA E,A park in Singapore: EAST COAST PARK AREA E,1.3070449786398985,103.93262756176311,2025-10-02 09:08:56.805071+00,
189,EAST COAST PARK AREA F,A park in Singapore: EAST COAST PARK AREA F,1.3094728613979874,103.93960025910638,2025-10-02 09:08:56.805071+00,
190,EAST COAST PARK AREA G,A park in Singapore: EAST COAST PARK AREA G,1.3136017962337767,103.95838226458031,2025-10-02 09:08:56.805071+00,
191,EAST COAST PARK AREA H,A park in Singapore: EAST COAST PARK AREA H,1.3156703807949146,103.96739962650977,2025-10-02 09:08:56.805071+00,
192,BEDOK TOWN PK,A park in Singapore: BEDOK TOWN PK,1.3349549871052688,103.92387217567484,2025-10-02 09:08:56.805071+00,
193,BEDOK RESERVOIR PK,A park in Singapore: BEDOK RESERVOIR PK,1.3459933259139159,103.92681170207061,2025-10-02 09:08:56.805071+00,
194,YARROW PARK,A park in Singapore: YARROW PARK,1.3154230233745818,103.92150194857041,2025-10-02 09:08:56.805071+00,
195,SIGLAP LINEAR PK (UPP EC RD-M PARADE),A park in Singapore: SIGLAP LINEAR PK (UPP EC RD-M PARADE),1.3112841044746675,103.92840651937104,2025-10-02 09:08:56.805071+00,
196,TANJONG KATONG RD SOUTH PG,A park in Singapore: TANJONG KATONG RD SOUTH PG,1.3001741105275457,103.89732193154623,2025-10-02 09:08:56.805071+00,
197,JLN BULOH PERINDU PG,A park in Singapore: JLN BULOH PERINDU PG,1.308482597500017,103.9193844827303,2025-10-02 09:08:56.805071+00,
198,MEYER RD PG,A park in Singapore: MEYER RD PG,1.298568516607628,103.89419707868944,2025-10-02 09:08:56.805071+00,
199,EAST COAST TERRACE PK,A park in Singapore: EAST COAST TERRACE PK,1.310960090654787,103.92380556094116,2025-10-02 09:08:56.805071+00,
200,TELOK KURAU PK,A park in Singapore: TELOK KURAU PK,1.315364761626945,103.91428584740629,2025-10-02 09:08:56.805071+00,
201,ELITE TERRACE PK,A park in Singapore: ELITE TERRACE PK,1.3155988452075453,103.92430631411794,2025-10-02 09:08:56.805071+00,
202,SIGLAP LINEAR PK (JLN B'WAN-UPP EC RD),A park in Singapore: SIGLAP LINEAR PK (JLN B'WAN-UPP EC RD),1.3143798428279883,103.92740863602118,2025-10-02 09:08:56.805071+00,
203,GEYLANG EAST PK,A park in Singapore: GEYLANG EAST PK,1.3217717845216927,103.88765907111089,2025-10-02 09:08:56.805071+00,
204,GREENFIELD DR PG,A park in Singapore: GREENFIELD DR PG,1.313035476842194,103.91765634990739,2025-10-02 09:08:56.805071+00,
205,BANGSAWAN PK,A park in Singapore: BANGSAWAN PK,1.3212075676318946,103.92383794558941,2025-10-02 09:08:56.805071+00,
206,AIDA PK,A park in Singapore: AIDA PK,1.319379621733533,103.92792692780097,2025-10-02 09:08:56.805071+00,
207,JLN SENANG PG,A park in Singapore: JLN SENANG PG,1.3290153443376747,103.91556908211406,2025-10-02 09:08:56.805071+00,
208,OPERA ESTATE FOOTBALL FIELD,A park in Singapore: OPERA ESTATE FOOTBALL FIELD,1.3201011447755768,103.92445612755219,2025-10-02 09:08:56.805071+00,
209,CARPMAEL PARK,A park in Singapore: CARPMAEL PARK,1.3115022361545772,103.89895133769063,2025-10-02 09:08:56.805071+00,
210,TAMAN KEMBANGAN PG,A park in Singapore: TAMAN KEMBANGAN PG,1.325003304751308,103.91440219019876,2025-10-02 09:08:56.805071+00,
211,WARINGIN PK PG,A park in Singapore: WARINGIN PK PG,1.3230230142980837,103.91917852870084,2025-10-02 09:08:56.805071+00,
212,ARTHUR PK,A park in Singapore: ARTHUR PK,1.30388822881068,103.88821400899496,2025-10-02 09:08:56.805071+00,
213,LORONG 40 GEYLANG PG,A park in Singapore: LORONG 40 GEYLANG PG,1.313633000793319,103.88936940225831,2025-10-02 09:08:56.805071+00,
214,GUILLEMARD RD OS,A park in Singapore: GUILLEMARD RD OS,1.3145512726897666,103.89239730438597,2025-10-02 09:08:56.805071+00,
215,INTERIM PK AT TERANG BULAN AVE,A park in Singapore: INTERIM PK AT TERANG BULAN AVE,1.3216332972410234,103.9215767962677,2025-10-02 09:08:56.805071+00,
216,MT BATTEN RD/OLD AIRPORT RD OS,A park in Singapore: MT BATTEN RD/OLD AIRPORT RD OS,1.30574055045791,103.88330755751575,2025-10-02 09:08:56.805071+00,
217,KATONG PK,A park in Singapore: KATONG PK,1.2971665037074374,103.88634784301111,2025-10-02 09:08:56.805071+00,
218,MARINE PARADE RD PK,A park in Singapore: MARINE PARADE RD PK,1.3048983342903429,103.90802872780476,2025-10-02 09:08:56.805071+00,
219,WILKINSON INTERIM PK,A park in Singapore: WILKINSON INTERIM PK,1.3016518077516772,103.88731326519634,2025-10-02 09:08:56.805071+00,
220,HAIG WALK (GEYLANG RD-DUNMAN RD),A park in Singapore: HAIG WALK (GEYLANG RD-DUNMAN RD),1.306519322047545,103.90074024162854,2025-10-02 09:08:56.805071+00,
221,JOO CHIAT TERRACE PK,A park in Singapore: JOO CHIAT TERRACE PK,1.3144083767581638,103.90169892988682,2025-10-02 09:08:56.805071+00,
222,LORONG SARINA INTERIM PK,A park in Singapore: LORONG SARINA INTERIM PK,1.320143721936378,103.90608246484213,2025-10-02 09:08:56.805071+00,
223,JLN ISMAIL PK,A park in Singapore: JLN ISMAIL PK,1.323199026136176,103.9058590154343,2025-10-02 09:08:56.805071+00,
224,PASIR RIS PK,A park in Singapore: PASIR RIS PK,1.378684204466107,103.95217308419335,2025-10-02 09:08:56.805071+00,
225,PASIR RIS TOWN PK,A park in Singapore: PASIR RIS TOWN PK,1.3716892154609006,103.95240633384716,2025-10-02 09:08:56.805071+00,
226,SUN PLAZA PK,A park in Singapore: SUN PLAZA PK,1.358555426020648,103.94344045133047,2025-10-02 09:08:56.805071+00,
227,SG API API PK,A park in Singapore: SG API API PK,1.378883969790186,103.94600303665655,2025-10-02 09:08:56.805071+00,
228,ELIAS TERRACE PG,A park in Singapore: ELIAS TERRACE PG,1.3722284299777547,103.94108425200558,2025-10-02 09:08:56.805071+00,
229,HORTPARK,A park in Singapore: HORTPARK,1.2790779706631137,103.79805321601928,2025-10-02 09:08:56.805071+00,
230,PASIR PANJANG NURSERY,A park in Singapore: PASIR PANJANG NURSERY,1.281589774272301,103.79387132126212,2025-10-02 09:08:56.805071+00,
231,NATIVE PLANT CENTRE,A park in Singapore: NATIVE PLANT CENTRE,1.4172750323139833,103.72747774076977,2025-10-02 09:08:56.805071+00,
232,PEK KIO PARK,A park in Singapore: PEK KIO PARK,1.3160787636454023,103.84921504660437,2025-10-02 09:08:56.805071+00,
233,ANG MO KIO TOWN GARDEN EAST,A park in Singapore: ANG MO KIO TOWN GARDEN EAST,1.3705710218874325,103.85028589165374,2025-10-02 09:08:56.805071+00,
234,ANG MO KIO TOWN GARDEN WEST,A park in Singapore: ANG MO KIO TOWN GARDEN WEST,1.3745094714262072,103.8427395942111,2025-10-02 09:08:56.805071+00,
235,BISHAN-ANG MO KIO PARK (POND GARDENS),A park in Singapore: BISHAN-ANG MO KIO PARK (POND GARDENS),1.365206898591455,103.83640855422084,2025-10-02 09:08:56.805071+00,
236,BISHAN-ANG MO KIO PARK (RIVER PLAINS),A park in Singapore: BISHAN-ANG MO KIO PARK (RIVER PLAINS),1.3605206612391523,103.84886679994811,2025-10-02 09:08:56.805071+00,
237,CHUAN GREEN PG,A park in Singapore: CHUAN GREEN PG,1.3604796821887382,103.86600839566016,2025-10-02 09:08:56.805071+00,
238,ST. NICHOLAS VIEW PLAYGROUND,A park in Singapore: ST. NICHOLAS VIEW PLAYGROUND,1.3716264409438859,103.83278502528951,2025-10-02 09:08:56.805071+00,
239,ELLINGTON SQUARE PLAYGROUND,A park in Singapore: ELLINGTON SQUARE PLAYGROUND,1.372002308967111,103.83453036042759,2025-10-02 09:08:56.805071+00,
240,GELENGGANG PARK,A park in Singapore: GELENGGANG PARK,1.3734758941034848,103.82983449183553,2025-10-02 09:08:56.805071+00,
241,LEBAN PARK,A park in Singapore: LEBAN PARK,1.3724595958171455,103.82929233400442,2025-10-02 09:08:56.805071+00,
242,MAYFLOWER CRESCENT PG,A park in Singapore: MAYFLOWER CRESCENT PG,1.3727323067423005,103.83952885224147,2025-10-02 09:08:56.805071+00,
243,SERENADE WALK PG,A park in Singapore: SERENADE WALK PG,1.3799210099648818,103.83455966687733,2025-10-02 09:08:56.805071+00,
244,SHANGRI-LA PLAYGROUND,A park in Singapore: SHANGRI-LA PLAYGROUND,1.3710206044793614,103.83239200313676,2025-10-02 09:08:56.805071+00,
245,SUNRISE CLOSE PG,A park in Singapore: SUNRISE CLOSE PG,1.3870117216117048,103.85750994675662,2025-10-02 09:08:56.805071+00,
246,SUNRISE DR PG I,A park in Singapore: SUNRISE DR PG I,1.3883057124857408,103.85736958326423,2025-10-02 09:08:56.805071+00,
247,SUNRISE PLACE PG,A park in Singapore: SUNRISE PLACE PG,1.3869426039108539,103.85660014074122,2025-10-02 09:08:56.805071+00,
248,SUNRISE WAY PG,A park in Singapore: SUNRISE WAY PG,1.3876742987723807,103.85668008439829,2025-10-02 09:08:56.805071+00,
249,TEACHER`S ESTATE PG,A park in Singapore: TEACHER`S ESTATE PG,1.3819922656658334,103.82919950234891,2025-10-02 09:08:56.805071+00,
250,THOMSON GREEN PG,A park in Singapore: THOMSON GREEN PG,1.3786921826899312,103.83262325345856,2025-10-02 09:08:56.805071+00,
251,THOMSON WALK PG,A park in Singapore: THOMSON WALK PG,1.3760005695093724,103.83248564324285,2025-10-02 09:08:56.805071+00,
252,YIO CHU KANG GARDENS PG,A park in Singapore: YIO CHU KANG GARDENS PG,1.3806810614421143,103.83748739794767,2025-10-02 09:08:56.805071+00,
253,SUNRISE TERRACE OS,A park in Singapore: SUNRISE TERRACE OS,1.3882473907685913,103.85611706221468,2025-10-02 09:08:56.805071+00,
254,CACTUS RD PG,A park in Singapore: CACTUS RD PG,1.3901090514350167,103.8522364751832,2025-10-02 09:08:56.805071+00,
255,SUNRISE DR PG II,A park in Singapore: SUNRISE DR PG II,1.3903014178121826,103.85525165964455,2025-10-02 09:08:56.805071+00,
256,CHARTWELL DR PK,A park in Singapore: CHARTWELL DR PK,1.359630704066999,103.86387162020543,2025-10-02 09:08:56.805071+00,
257,GARDEN VIEW PG,A park in Singapore: GARDEN VIEW PG,1.360424882312599,103.8656694375827,2025-10-02 09:08:56.805071+00,
258,JLN RIANG PG,A park in Singapore: JLN RIANG PG,1.347142606318519,103.86739535755741,2025-10-02 09:08:56.805071+00,
259,MEI HWAN CRESCENT PG,A park in Singapore: MEI HWAN CRESCENT PG,1.3527669553311927,103.8617432585592,2025-10-02 09:08:56.805071+00,
260,MEI HWAN DR PG,A park in Singapore: MEI HWAN DR PG,1.3533500946535582,103.86347279914047,2025-10-02 09:08:56.805071+00,
261,TAI HWAN TERRACE PG,A park in Singapore: TAI HWAN TERRACE PG,1.356445511239319,103.8603394027534,2025-10-02 09:08:56.805071+00,
262,TAVISTOCK AVE PK,A park in Singapore: TAVISTOCK AVE PK,1.3702072455001193,103.86535828554187,2025-10-02 09:08:56.805071+00,
263,CHUAN WALK PG,A park in Singapore: CHUAN WALK PG,1.3572217609344281,103.86755286023556,2025-10-02 09:08:56.805071+00,
264,COLCHESTER GROVE OS,A park in Singapore: COLCHESTER GROVE OS,1.35758477322631,103.86745449486286,2025-10-02 09:08:56.805071+00,
265,BINCHANG RISE PG,A park in Singapore: BINCHANG RISE PG,1.3486736465484725,103.84354841240868,2025-10-02 09:08:56.805071+00,
266,THOMSON PK,A park in Singapore: THOMSON PK,1.354291095873925,103.83436394111058,2025-10-02 09:08:56.805071+00,
267,CLOVER WAY PG,A park in Singapore: CLOVER WAY PG,1.35017711807616,103.84602143139854,2025-10-02 09:08:56.805071+00,
268,FULTON AVE PG,A park in Singapore: FULTON AVE PG,1.3621074576917207,103.83352102521286,2025-10-02 09:08:56.805071+00,
269,ISLAND GDNS WALK PG,A park in Singapore: ISLAND GDNS WALK PG,1.3619988729063952,103.82843911048238,2025-10-02 09:08:56.805071+00,
270,JLN PINTAU PG,A park in Singapore: JLN PINTAU PG,1.3539456694819354,103.83997321893165,2025-10-02 09:08:56.805071+00,
271,JUPITER PLAYGROUND,A park in Singapore: JUPITER PLAYGROUND,1.3582711671757906,103.8251367708756,2025-10-02 09:08:56.805071+00,
272,PEMIMPIN PLACE PG,A park in Singapore: PEMIMPIN PLACE PG,1.353369937451072,103.8427195604123,2025-10-02 09:08:56.805071+00,
273,SOO CHOW WALK PG,A park in Singapore: SOO CHOW WALK PG,1.3536471358303632,103.83202835279195,2025-10-02 09:08:56.805071+00,
274,CLOVER CRESCENT PG,A park in Singapore: CLOVER CRESCENT PG,1.351048150254165,103.84457614791424,2025-10-02 09:08:56.805071+00,
275,THE INGLEWOOD PG,A park in Singapore: THE INGLEWOOD PG,1.3610744597440587,103.8300516835762,2025-10-02 09:08:56.805071+00,
276,CARMICHAEL RD PG,A park in Singapore: CARMICHAEL RD PG,1.3426814392416841,103.86300718141766,2025-10-02 09:08:56.805071+00,
277,TAMAN PERMATA PK,A park in Singapore: TAMAN PERMATA PK,1.3500656010895002,103.83498979568337,2025-10-02 09:08:56.805071+00,
278,CHUAN LANE PARK,A park in Singapore: CHUAN LANE PARK,1.3517560673798326,103.85808296065588,2025-10-02 09:08:56.805071+00,
279,PUNGGOL PK,A park in Singapore: PUNGGOL PK,1.376937578338443,103.89864411031115,2025-10-02 09:08:56.805071+00,
280,CONEY ISLAND PARK,A park in Singapore: CONEY ISLAND PARK,1.4094585525108143,103.92150970647593,2025-10-02 09:08:56.805071+00,
281,ALJUNIED PK,A park in Singapore: ALJUNIED PK,1.3291384360598753,103.87996253232025,2025-10-02 09:08:56.805071+00,
282,SURIN AVE NEIGHBOURHOOD PK,A park in Singapore: SURIN AVE NEIGHBOURHOOD PK,1.35557644498448,103.88408561767399,2025-10-02 09:08:56.805071+00,
283,TAI KENG GARDENS PG,A park in Singapore: TAI KENG GARDENS PG,1.3461705316929746,103.88505458283811,2025-10-02 09:08:56.805071+00,
284,PAYA LEBAR CRESCENT OS,A park in Singapore: PAYA LEBAR CRESCENT OS,1.3489666098728343,103.8835687297887,2025-10-02 09:08:56.805071+00,
285,THRIFT DR OS,A park in Singapore: THRIFT DR OS,1.3438865600041416,103.88324732394916,2025-10-02 09:08:56.805071+00,
286,AROOZOO AVE PG,A park in Singapore: AROOZOO AVE PG,1.3551968667416656,103.88595627294951,2025-10-02 09:08:56.805071+00,
287,TAI KENG PLACE PG,A park in Singapore: TAI KENG PLACE PG,1.345041324620566,103.88484078064656,2025-10-02 09:08:56.805071+00,
288,JLN KELICHAP PG,A park in Singapore: JLN KELICHAP PG,1.346782057161644,103.88182461306774,2025-10-02 09:08:56.805071+00,
289,JLN SELASEH PG,A park in Singapore: JLN SELASEH PG,1.3856016503500974,103.87338201184058,2025-10-02 09:08:56.805071+00,
290,LILAC DR PG,A park in Singapore: LILAC DR PG,1.381151158087855,103.86114379728288,2025-10-02 09:08:56.805071+00,
291,MIMOSA RD PG,A park in Singapore: MIMOSA RD PG,1.3841919506036497,103.86304382230897,2025-10-02 09:08:56.805071+00,
292,MIMOSA WALK PG,A park in Singapore: MIMOSA WALK PG,1.3831048213251267,103.8614600654721,2025-10-02 09:08:56.805071+00,
293,MUGLISTON PK PG,A park in Singapore: MUGLISTON PK PG,1.3854458918398724,103.87790631675026,2025-10-02 09:08:56.805071+00,
294,NERAM CRESCENT PG,A park in Singapore: NERAM CRESCENT PG,1.3855886003480908,103.86574410141814,2025-10-02 09:08:56.805071+00,
295,TAMARIND RD PG,A park in Singapore: TAMARIND RD PG,1.3896991865137867,103.86020178045604,2025-10-02 09:08:56.805071+00,
296,NIM CRESCENT OS,A park in Singapore: NIM CRESCENT OS,1.3830798457367532,103.86684092302163,2025-10-02 09:08:56.805071+00,
297,BEGONIA RD PG,A park in Singapore: BEGONIA RD PG,1.387819699835976,103.8632895690186,2025-10-02 09:08:56.805071+00,
298,JLN NAUNG PG,A park in Singapore: JLN NAUNG PG,1.3695631217362907,103.89282189717285,2025-10-02 09:08:56.805071+00,
299,PARRY RD PG,A park in Singapore: PARRY RD PG,1.3660287545609888,103.87750439954596,2025-10-02 09:08:56.805071+00,
300,SARACA RD PG,A park in Singapore: SARACA RD PG,1.3866687658523218,103.8586374762825,2025-10-02 09:08:56.805071+00,
301,DEDAP PLACE PG,A park in Singapore: DEDAP PLACE PG,1.3877975742272126,103.86841336325828,2025-10-02 09:08:56.805071+00,
302,POH HUAT RD PG,A park in Singapore: POH HUAT RD PG,1.3669371159298906,103.88161112353755,2025-10-02 09:08:56.805071+00,
303,STRATTON WALK PG,A park in Singapore: STRATTON WALK PG,1.3792369849722972,103.86696717182308,2025-10-02 09:08:56.805071+00,
304,SELETAR TERRACE PG,A park in Singapore: SELETAR TERRACE PG,1.381482754028751,103.86877440484598,2025-10-02 09:08:56.805071+00,
305,ST ANNE'S WOOD PG,A park in Singapore: ST ANNE'S WOOD PG,1.3916400676753395,103.90373614980619,2025-10-02 09:08:56.805071+00,
306,PK VILLAS TERRACE PG,A park in Singapore: PK VILLAS TERRACE PG,1.368992827751172,103.87996361274367,2025-10-02 09:08:56.805071+00,
307,MIMOSA TERRACE PG,A park in Singapore: MIMOSA TERRACE PG,1.3840503584654404,103.86044968677317,2025-10-02 09:08:56.805071+00,
308,DEW GARDEN,A park in Singapore: DEW GARDEN,1.3992663452473966,103.87106539900101,2025-10-02 09:08:56.805071+00,
309,PARRY AVE INTERIM PK,A park in Singapore: PARRY AVE INTERIM PK,1.3639250471555793,103.8811344873211,2025-10-02 09:08:56.805071+00,
310,RICHARDS AVE PK,A park in Singapore: RICHARDS AVE PK,1.3609285905492048,103.8821291218715,2025-10-02 09:08:56.805071+00,
311,BUTTERFLY AVE PG,A park in Singapore: BUTTERFLY AVE PG,1.3344335664826814,103.87733653681293,2025-10-02 09:08:56.805071+00,
312,CHEMPAKA AVE PG,A park in Singapore: CHEMPAKA AVE PG,1.3318740875843238,103.87561556762392,2025-10-02 09:08:56.805071+00,
313,JLN GENENG INTERIM PK,A park in Singapore: JLN GENENG INTERIM PK,1.35333766953297,103.8808747649801,2025-10-02 09:08:56.805071+00,
314,SENGKANG RIVERSIDE PK,A park in Singapore: SENGKANG RIVERSIDE PK,1.399448212789253,103.88432517223448,2025-10-02 09:08:56.805071+00,
315,OASIS@MULBERRY PK,A park in Singapore: OASIS@MULBERRY PK,1.3328961389324478,103.87843597247893,2025-10-02 09:08:56.805071+00,
316,SIANG KUANG AVE INTERIM PK,A park in Singapore: SIANG KUANG AVE INTERIM PK,1.3298283697306559,103.87304948216776,2025-10-02 09:08:56.805071+00,
317,LORONG TANGGAM PK,A park in Singapore: LORONG TANGGAM PK,1.3989789258957948,103.87375495285376,2025-10-02 09:08:56.805071+00,
318,UPPER PAYA LEBAR INTERIM PARK,A park in Singapore: UPPER PAYA LEBAR INTERIM PARK,1.3435839278077555,103.88246411823552,2025-10-02 09:08:56.805071+00,
319,NIM MEADOW PARK,A park in Singapore: NIM MEADOW PARK,1.378616619290899,103.86340432365587,2025-10-02 09:08:56.805071+00,
320,GREENWAY SOUTH,A park in Singapore: GREENWAY SOUTH,1.3351785173598223,103.87206082493839,2025-10-02 09:08:56.805071+00,
321,FERNVALE PARK,A park in Singapore: FERNVALE PARK,1.397514524959929,103.87487871240788,2025-10-02 09:08:56.805071+00,
322,SEMBAWANG PK,A park in Singapore: SEMBAWANG PK,1.461502967101001,103.83684542660218,2025-10-02 09:08:56.805071+00,
323,YISHUN PK,A park in Singapore: YISHUN PK,1.4243757202836804,103.84260969126039,2025-10-02 09:08:56.805071+00,
324,LOWER SELETAR RESERVOIR PARK,A park in Singapore: LOWER SELETAR RESERVOIR PARK,1.4074398977574718,103.82889324908156,2025-10-02 09:08:56.805071+00,
325,LENTOR WALK PG,A park in Singapore: LENTOR WALK PG,1.388630957046075,103.83838324853672,2025-10-02 09:08:56.805071+00,
326,COUNTRYSIDE PG,A park in Singapore: COUNTRYSIDE PG,1.390187591950226,103.83840795464988,2025-10-02 09:08:56.805071+00,
327,LENTOR STREET PG,A park in Singapore: LENTOR STREET PG,1.3900981863835726,103.83427652569794,2025-10-02 09:08:56.805071+00,
328,FLORISSA PK PG,A park in Singapore: FLORISSA PK PG,1.3869730932271511,103.83507298158987,2025-10-02 09:08:56.805071+00,
329,FUDU WALK PG,A park in Singapore: FUDU WALK PG,1.3898351218920812,103.83723438334813,2025-10-02 09:08:56.805071+00,
330,LENTOR GREEN PG,A park in Singapore: LENTOR GREEN PG,1.3852857282719149,103.83705647129632,2025-10-02 09:08:56.805071+00,
331,LENTOR GROVE PG,A park in Singapore: LENTOR GROVE PG,1.3863846910693212,103.83837072390618,2025-10-02 09:08:56.805071+00,
332,LENTOR RD PG,A park in Singapore: LENTOR RD PG,1.3882919034888321,103.8375722009472,2025-10-02 09:08:56.805071+00,
333,LENTOR VALE PG,A park in Singapore: LENTOR VALE PG,1.388054236018028,103.8361460821369,2025-10-02 09:08:56.805071+00,
334,BANYAN VILLAS PG,A park in Singapore: BANYAN VILLAS PG,1.3872785047323783,103.83885324901108,2025-10-02 09:08:56.805071+00,
335,YISHUN NEIGHBOURHOOD PK,A park in Singapore: YISHUN NEIGHBOURHOOD PK,1.4377572398692902,103.83505796157499,2025-10-02 09:08:56.805071+00,
336,PLATINA RD PG,A park in Singapore: PLATINA RD PG,1.427545345731652,103.82611872435531,2025-10-02 09:08:56.805071+00,
337,GOODLINK PK PG,A park in Singapore: GOODLINK PK PG,1.4272996068699648,103.82539258443619,2025-10-02 09:08:56.805071+00,
338,SPRINGLEAF GARDEN PG,A park in Singapore: SPRINGLEAF GARDEN PG,1.3980392651067637,103.82232177612995,2025-10-02 09:08:56.805071+00,
339,THONG SOON GREEN PG,A park in Singapore: THONG SOON GREEN PG,1.4000547089156712,103.81838893422373,2025-10-02 09:08:56.805071+00,
340,SPRINGLEAF AVE PG,A park in Singapore: SPRINGLEAF AVE PG,1.4009038349808505,103.82259766879525,2025-10-02 09:08:56.805071+00,
341,KANDIS GARDEN,A park in Singapore: KANDIS GARDEN,1.4561915535787118,103.83564474294631,2025-10-02 09:08:56.805071+00,
342,JANGGUS GARDEN,A park in Singapore: JANGGUS GARDEN,1.4575398277036695,103.836983849514,2025-10-02 09:08:56.805071+00,
343,PEBBLE GARDEN,A park in Singapore: PEBBLE GARDEN,1.4506449229179543,103.82949312449735,2025-10-02 09:08:56.805071+00,
344,SPRINGSIDE PK,A park in Singapore: SPRINGSIDE PK,1.40567189969779,103.82060743654343,2025-10-02 09:08:56.805071+00,
345,YISHUN POND PK,A park in Singapore: YISHUN POND PK,1.4280122121941303,103.83948703941307,2025-10-02 09:08:56.805071+00,
346,MARSILING PARK,A park in Singapore: MARSILING PARK,1.4376329309110691,103.76993442393145,2025-10-02 09:08:56.805071+00,
347,CHOA CHU KANG PK,A park in Singapore: CHOA CHU KANG PK,1.3868788943203836,103.74719419176785,2025-10-02 09:08:56.805071+00,
348,WOODLANDS TOWN PK EAST,A park in Singapore: WOODLANDS TOWN PK EAST,1.4366664600205694,103.77932336433604,2025-10-02 09:08:56.805071+00,
349,CASHEW RD PG,A park in Singapore: CASHEW RD PG,1.370599819099977,103.76466780670853,2025-10-02 09:08:56.805071+00,
350,CHESTNUT DR PG,A park in Singapore: CHESTNUT DR PG,1.3676337346860437,103.76882971645354,2025-10-02 09:08:56.805071+00,
351,CASHEW LINK PG,A park in Singapore: CASHEW LINK PG,1.3713588873705078,103.76892501358682,2025-10-02 09:08:56.805071+00,
352,JLN RASOK PK,A park in Singapore: JLN RASOK PK,1.4165006473670392,103.75903191338021,2025-10-02 09:08:56.805071+00,
353,ALMOND CRESCENT PG,A park in Singapore: ALMOND CRESCENT PG,1.373212444460707,103.77198060528261,2025-10-02 09:08:56.805071+00,
354,HAZEL PK OS,A park in Singapore: HAZEL PK OS,1.37163460470999,103.76364488514353,2025-10-02 09:08:56.805071+00,
355,VILLA VERDE PK,A park in Singapore: VILLA VERDE PK,1.3904215007174316,103.75295144222655,2025-10-02 09:08:56.805071+00,
356,ADMIRALTY PK,A park in Singapore: ADMIRALTY PK,1.4503318491150956,103.78004641287625,2025-10-02 09:08:56.805071+00,
357,CASHEW CRESCENT FC PG,A park in Singapore: CASHEW CRESCENT FC PG,1.372244853589548,103.76949467203684,2025-10-02 09:08:56.805071+00,
358,MARKET STREET PARK,A park in Singapore: MARKET STREET PARK,1.2834502283705302,103.85025257913112,2025-10-02 09:08:56.805071+00,
359,HAMPSTEAD WETLANDS PARK,A park in Singapore: HAMPSTEAD WETLANDS PARK,1.4091868197905,103.86927945315952,2025-10-02 09:08:56.805071+00,
360,YOUTH OLYMPIC PK,A park in Singapore: YOUTH OLYMPIC PK,1.2890334954405513,103.86063943635142,2025-10-02 09:08:56.805071+00,
361,MACPHERSON LINEAR PK,A park in Singapore: MACPHERSON LINEAR PK,1.3337984538293288,103.88170606628692,2025-10-02 09:08:56.805071+00,
362,CORONATION PARK,A park in Singapore: CORONATION PARK,1.3220260236043055,103.79640044992216,2025-10-02 09:08:56.805071+00,
363,HOLLAND VILLAGE PK,A park in Singapore: HOLLAND VILLAGE PK,1.3117302451456774,103.79554394732374,2025-10-02 09:08:56.805071+00,
364,BUNGA RAMPAI PK,A park in Singapore: BUNGA RAMPAI PK,1.3404755199680845,103.88429612227287,2025-10-02 09:08:56.805071+00,
365,JALAN SEMBILANG PARK,A park in Singapore: JALAN SEMBILANG PARK,1.3565655208983551,103.83403585965391,2025-10-02 09:08:56.805071+00,
366,BIDADARI PK,A park in Singapore: BIDADARI PK,1.3406917048981004,103.87432584718341,2025-10-02 09:08:56.805071+00,
367,ST MICHAEL'S PG,A park in Singapore: ST MICHAEL'S PG,1.3262280949094876,103.8648876663764,2025-10-02 09:08:56.805071+00,
368,ST MICHAEL'S FC,A park in Singapore: ST MICHAEL'S FC,1.326495585887167,103.86510904659654,2025-10-02 09:08:56.805071+00,
369,CAMBRIDGE PARK,A park in Singapore: CAMBRIDGE PARK,1.3136609018175494,103.8468378224805,2025-10-02 09:08:56.805071+00,
370,KHEAM HOCK PARK,A park in Singapore: KHEAM HOCK PARK,1.3304435596940567,103.81920708492935,2025-10-02 09:08:56.805071+00,
371,CEYLON ROAD INTERIM PARK,A park in Singapore: CEYLON ROAD INTERIM PARK,1.309780416441062,103.89959814941292,2025-10-02 09:08:56.805071+00,
372,HAIG WALK EXTENSION,A park in Singapore: HAIG WALK EXTENSION,1.3106817056633298,103.89867693205032,2025-10-02 09:08:56.805071+00,
373,ONAN ROAD GREEN SPACE,A park in Singapore: ONAN ROAD GREEN SPACE,1.310097065723525,103.90071942071468,2025-10-02 09:08:56.805071+00,
374,TRAS LINK PK,A park in Singapore: TRAS LINK PK,1.2764576104339909,103.84379019866222,2025-10-02 09:08:56.805071+00,
375,VENUS GREEN,A park in Singapore: VENUS GREEN,1.3586716314676621,103.82726623397681,2025-10-02 09:08:56.805071+00,
376,GREEN LANE PARK,A park in Singapore: GREEN LANE PARK,1.310798045128343,103.89248426858595,2025-10-02 09:08:56.805071+00,
377,MAR THOMA ROAD PARK,A park in Singapore: MAR THOMA ROAD PARK,1.3273571946342186,103.86202838719863,2025-10-02 09:08:56.805071+00,
378,SIAN TUAN INTERIM PARK,A park in Singapore: SIAN TUAN INTERIM PARK,1.338593568895342,103.78618858002517,2025-10-02 09:08:56.805071+00,
379,LORONG ONG LYE PARK,A park in Singapore: LORONG ONG LYE PARK,1.3477598168274654,103.87869663058362,2025-10-02 09:08:56.805071+00,
380,KOON SENG PARK,A park in Singapore: KOON SENG PARK,1.311044866160587,103.90283322069531,2025-10-02 09:08:56.805071+00,
381,HOW SUN LINEAR PARK,A park in Singapore: HOW SUN LINEAR PARK,1.345891826878166,103.87813597290207,2025-10-02 09:08:56.805071+00,
382,TAMPINES ECO GREEN PK,A park in Singapore: TAMPINES ECO GREEN PK,1.3637104850934065,103.94837674998735,2025-10-02 09:08:56.805071+00,
383,LENGKONG ENAM PARK,A park in Singapore: LENGKONG ENAM PARK,1.327364090817036,103.91473692531704,2025-10-02 09:08:56.805071+00,
384,JALAN SENANG LINEAR PARK,A park in Singapore: JALAN SENANG LINEAR PARK,1.3255723945320617,103.91718424983641,2025-10-02 09:08:56.805071+00,
385,TANAH PUTEH PK,A park in Singapore: TANAH PUTEH PK,1.3158268685002996,103.93135824060478,2025-10-02 09:08:56.805071+00,
386,TELOK KURAU LORONG N PK,A park in Singapore: TELOK KURAU LORONG N PK,1.3103250756376554,103.91280540959376,2025-10-02 09:08:56.805071+00,
387,JLN DAUD PK,A park in Singapore: JLN DAUD PK,1.3258268500339527,103.90710085142925,2025-10-02 09:08:56.805071+00,
388,JLN DAUD INTERIM PK,A park in Singapore: JLN DAUD INTERIM PK,1.3255910007377705,103.90653362722021,2025-10-02 09:08:56.805071+00,
389,JLN EUNOS INTERIM PK,A park in Singapore: JLN EUNOS INTERIM PK,1.3249340929151467,103.90600138050888,2025-10-02 09:08:56.805071+00,
390,JLN AWANG INTERIM PK,A park in Singapore: JLN AWANG INTERIM PK,1.323882729509606,103.90586782493945,2025-10-02 09:08:56.805071+00,
391,JLN YASIN INTERIM PK,A park in Singapore: JLN YASIN INTERIM PK,1.3213610329678636,103.90555486606854,2025-10-02 09:08:56.805071+00,
392,SENNETT AVE LINEAR PK,A park in Singapore: SENNETT AVE LINEAR PK,1.317581114211267,103.93596368818606,2025-10-02 09:08:56.805071+00,
393,JALAN ISHAK PARK,A park in Singapore: JALAN ISHAK PARK,1.324143795221918,103.90719783457328,2025-10-02 09:08:56.805071+00,
394,LORONG MARICAN PARK,A park in Singapore: LORONG MARICAN PARK,1.3238874167098094,103.90793148364665,2025-10-02 09:08:56.805071+00,
395,LORONG MARZUKI PARK,A park in Singapore: LORONG MARZUKI PARK,1.3237972700036256,103.90833923340004,2025-10-02 09:08:56.805071+00,
396,LORONG MELAYU PARK,A park in Singapore: LORONG MELAYU PARK,1.3239981939644312,103.90932502642963,2025-10-02 09:08:56.805071+00,
397,JALAN SINGA PARK,A park in Singapore: JALAN SINGA PARK,1.3309719001814444,103.9069388354374,2025-10-02 09:08:56.805071+00,
398,SEA BREEZE AVENUE PARK,A park in Singapore: SEA BREEZE AVENUE PARK,1.3386583856793284,103.95218941847628,2025-10-02 09:08:56.805071+00,
399,SEA BREEZE GARDEN PARK,A park in Singapore: SEA BREEZE GARDEN PARK,1.3378659285546979,103.95042164618069,2025-10-02 09:08:56.805071+00,
400,JLN KAYU PK,A park in Singapore: JLN KAYU PK,1.3981028673361924,103.87288129000338,2025-10-02 09:08:56.805071+00,
401,PUNGGOL WATERWAY PK,A park in Singapore: PUNGGOL WATERWAY PK,1.4109972133070596,103.90481505251175,2025-10-02 09:08:56.805071+00,
402,CHILTERN DRIVE INTERIM PARK,A park in Singapore: CHILTERN DRIVE INTERIM PARK,1.3485590553796722,103.86200639142878,2025-10-02 09:08:56.805071+00,
403,LUXUS HILLS PARK,A park in Singapore: LUXUS HILLS PARK,1.3794966735254204,103.87500619211161,2025-10-02 09:08:56.805071+00,
404,COLCHESTER GROVE INTERIM OS,A park in Singapore: COLCHESTER GROVE INTERIM OS,1.3564831011967846,103.86674253718547,2025-10-02 09:08:56.805071+00,
405,ANG MO KIO LINEAR PK (PLOT 2),A park in Singapore: ANG MO KIO LINEAR PK (PLOT 2),1.37933423418482,103.87176018975933,2025-10-02 09:08:56.805071+00,
406,ANG MO KIO LINEAR PK (PLOT 3),A park in Singapore: ANG MO KIO LINEAR PK (PLOT 3),1.3791914029869319,103.86871835024394,2025-10-02 09:08:56.805071+00,
407,JLN KAYU INTERIM PK,A park in Singapore: JLN KAYU INTERIM PK,1.3987879613464556,103.87253565687772,2025-10-02 09:08:56.805071+00,
408,REALTY PARK,A park in Singapore: REALTY PARK,1.3682274567821835,103.89011876921555,2025-10-02 09:08:56.805071+00,
409,PAYA LEBAR ROAD PARK,A park in Singapore: PAYA LEBAR ROAD PARK,1.3328488352836065,103.88858043913332,2025-10-02 09:08:56.805071+00,
410,WOODLANDS WATERFRONT PK,A park in Singapore: WOODLANDS WATERFRONT PK,1.4533560651448352,103.78131812725178,2025-10-02 09:08:56.805071+00,
411,KEMUNING PK,A park in Singapore: KEMUNING PK,1.4393255722864347,103.82708060222011,2025-10-02 09:08:56.805071+00,
412,LEGUNDI PK,A park in Singapore: LEGUNDI PK,1.4411560592577497,103.82207014723265,2025-10-02 09:08:56.805071+00,
413,BROOK'S PARK,A park in Singapore: BROOK'S PARK,1.4056081881963591,103.82297934779446,2025-10-02 09:08:56.805071+00,
414,HAUS LINEAR PARK,A park in Singapore: HAUS LINEAR PARK,1.364469664935699,103.86001282197255,2025-10-02 09:08:56.805071+00,
415,SEMBAWANG HOT SPRING PARK,A park in Singapore: SEMBAWANG HOT SPRING PARK,1.4343322631927482,103.82264581250642,2025-10-02 09:08:56.805071+00,
416,IRAU DRIVE PLAYGROUND,A park in Singapore: IRAU DRIVE PLAYGROUND,1.461943538497985,103.84006882882944,2025-10-02 09:08:56.805071+00,
417,UPPER SERANGOON PARK,A park in Singapore: UPPER SERANGOON PARK,1.3516374385511811,103.87522575970935,2025-10-02 09:08:56.805071+00,
418,LORONG KEMUNCHUP PLAYGROUND,A park in Singapore: LORONG KEMUNCHUP PLAYGROUND,1.3603930473435468,103.76093338574456,2025-10-02 09:08:56.805071+00,
419,JALAN REMAJA INTERIM PARK,A park in Singapore: JALAN REMAJA INTERIM PARK,1.3575783238033021,103.760776014894,2025-10-02 09:08:56.805071+00,
420,FUYONG INTERIM PK,A park in Singapore: FUYONG INTERIM PK,1.3574541615680369,103.7687509521143,2025-10-02 09:08:56.805071+00,
421,CHESTNUT CLOSE PARK,A park in Singapore: CHESTNUT CLOSE PARK,1.3689466349411357,103.7733007053261,2025-10-02 09:08:56.805071+00,
422,PAVILION PLAYGROUND II,A park in Singapore: PAVILION PLAYGROUND II,1.3683404220725546,103.75343447476291,2025-10-02 09:08:56.805071+00,
423,CASHEW RD INTERIM PK,A park in Singapore: CASHEW RD INTERIM PK,1.3724045480241602,103.76796711460399,2025-10-02 09:08:56.805071+00,
424,FABER HEIGHTS PARK,A park in Singapore: FABER HEIGHTS PARK,1.3238384183511829,103.75526367638578,2025-10-02 09:08:56.805071+00,
425,JLG: CG MRT TOL LINKWAY,A park in Singapore: JLG: CG MRT TOL LINKWAY,1.341095115528266,103.73200024650436,2025-10-02 09:08:56.805071+00,
426,SBG LC ZONE 1 (TNC),A park in Singapore: SBG LC ZONE 1 (TNC),1.3100244521730628,103.81562486238036,2025-10-02 09:08:56.805071+00,
427,SBG LC ZONE 2 (CC/BTC),A park in Singapore: SBG LC ZONE 2 (CC/BTC),1.3210034671809083,103.8169579771443,2025-10-02 09:08:56.805071+00,
428,SBG LC ZONE 3 (NOG/PV),A park in Singapore: SBG LC ZONE 3 (NOG/PV),1.3129062754466734,103.8140609121386,2025-10-02 09:08:56.805071+00,
429,"SBG LC ARBO/PRC/PRU ","A park in Singapore: SBG LC ARBO/PRC/PRU ",1.3218387235806648,103.81789598168726,2025-10-02 09:08:56.805071+00,
430,FORT CANNING PARK,A park in Singapore: FORT CANNING PARK,1.295890735426131,103.846609328737,2025-10-02 09:08:56.805071+00,
431,THE FOOTHILLS FORT CANNING PK,A park in Singapore: THE FOOTHILLS FORT CANNING PK,1.2922576144953883,103.8456906573111,2025-10-02 09:08:56.805071+00,
432,FARQUHAR GARDEN (FCP),A park in Singapore: FARQUHAR GARDEN (FCP),1.2956865226548384,103.84867152086326,2025-10-02 09:08:56.805071+00,
433,EMPRESS PLACE,A park in Singapore: EMPRESS PLACE,1.2869615844084001,103.85213965205668,2025-10-02 09:08:56.805071+00,
434,ESPLANADE PK,A park in Singapore: ESPLANADE PK,1.289417085574277,103.85359672385975,2025-10-02 09:08:56.805071+00,
435,DUXTON PLAIN PK,A park in Singapore: DUXTON PLAIN PK,1.2811223325176546,103.84141929284567,2025-10-02 09:08:56.805071+00,
436,PEARL'S HILL CITY PK,A park in Singapore: PEARL'S HILL CITY PK,1.2845131482934613,103.83872911197332,2025-10-02 09:08:56.805071+00,
437,RAFFLES PLACE PK,A park in Singapore: RAFFLES PLACE PK,1.2835942597630638,103.8514999268154,2025-10-02 09:08:56.805071+00,
438,TELOK AYER PK,A park in Singapore: TELOK AYER PK,1.2781775055205808,103.84668683482796,2025-10-02 09:08:56.805071+00,
439,WATERBOAT HOUSE GARDEN,A park in Singapore: WATERBOAT HOUSE GARDEN,1.2873195163410733,103.85347304115898,2025-10-02 09:08:56.805071+00,
440,TANJONG PAGAR PK,A park in Singapore: TANJONG PAGAR PK,1.2765778585703167,103.84577413154086,2025-10-02 09:08:56.805071+00,
441,TELOK AYER GREEN,A park in Singapore: TELOK AYER GREEN,1.2814651634440863,103.84764373601121,2025-10-02 09:08:56.805071+00,
442,ANN SIANG HILL PK,A park in Singapore: ANN SIANG HILL PK,1.2810620002557065,103.84611877493366,2025-10-02 09:08:56.805071+00,
443,HONG LIM PK,A park in Singapore: HONG LIM PK,1.2863319638689366,103.84705068432152,2025-10-02 09:08:56.805071+00,
444,TOA PAYOH TOWN PK,A park in Singapore: TOA PAYOH TOWN PK,1.3305698250739586,103.84795477931803,2025-10-02 09:08:56.805071+00,
445,KALLANG RIVERSIDE PK,A park in Singapore: KALLANG RIVERSIDE PK,1.3077192983528685,103.86882040608397,2025-10-02 09:08:56.805071+00,
446,TIONG BAHRU PK,A park in Singapore: TIONG BAHRU PK,1.2876172817355604,103.82402678837296,2025-10-02 09:08:56.805071+00,
447,THOMSON RD PG,A park in Singapore: THOMSON RD PG,1.3162599542348774,103.84370946452388,2025-10-02 09:08:56.805071+00,
448,MALCOLM PK,A park in Singapore: MALCOLM PK,1.3225629270112642,103.82651847332639,2025-10-02 09:08:56.805071+00,
449,KAMPONG GLAM PK,A park in Singapore: KAMPONG GLAM PK,1.3024454354320096,103.86299607104655,2025-10-02 09:08:56.805071+00,
450,HOOPER RD PG,A park in Singapore: HOOPER RD PG,1.3123989150672273,103.84320423199813,2025-10-02 09:08:56.805071+00,
451,ROWELL RD OS,A park in Singapore: ROWELL RD OS,1.3084223021898134,103.85484861991678,2025-10-02 09:08:56.805071+00,
452,SOMME RD PG,A park in Singapore: SOMME RD PG,1.3114841047156247,103.85815199975507,2025-10-02 09:08:56.805071+00,
453,BENG WAN RD PG,A park in Singapore: BENG WAN RD PG,1.3238060154419715,103.86583529863027,2025-10-02 09:08:56.805071+00,
454,NORTH BRIDGE GARDEN,A park in Singapore: NORTH BRIDGE GARDEN,1.3041093226010843,103.86214555169653,2025-10-02 09:08:56.805071+00,
455,GOLDHILL AVE PG,A park in Singapore: GOLDHILL AVE PG,1.3211334171756735,103.83317379982168,2025-10-02 09:08:56.805071+00,
456,GENTLE DR PG,A park in Singapore: GENTLE DR PG,1.3203688056669944,103.84070309190496,2025-10-02 09:08:56.805071+00,
457,NOVENA PK,A park in Singapore: NOVENA PK,1.3223128035080336,103.84281346247634,2025-10-02 09:08:56.805071+00,
458,MOUNT EMILY PK,A park in Singapore: MOUNT EMILY PK,1.3043760852680015,103.84761124346433,2025-10-02 09:08:56.805071+00,
459,PENANG RD OS,A park in Singapore: PENANG RD OS,1.3002353872402603,103.8414938192375,2025-10-02 09:08:56.805071+00,
460,JUBILEE PARK (FCP),A park in Singapore: JUBILEE PARK (FCP),1.293374207908301,103.84484592748184,2025-10-02 09:08:56.805071+00,
461,ORCHARD FOUNTAIN CORNER,A park in Singapore: ORCHARD FOUNTAIN CORNER,1.3015871256010152,103.83761070678618,2025-10-02 09:08:56.805071+00,
462,ISTANA PK,A park in Singapore: ISTANA PK,1.2992640005702025,103.8439884144354,2025-10-02 09:08:56.805071+00,
463,WAR MEMORIAL PK,A park in Singapore: WAR MEMORIAL PK,1.2928245131605016,103.85481847201595,2025-10-02 09:08:56.805071+00,
464,KIM SENG PK,A park in Singapore: KIM SENG PK,1.2926204540505026,103.8342551228348,2025-10-02 09:08:56.805071+00,
465,NOVENA RISE PK,A park in Singapore: NOVENA RISE PK,1.324627530026666,103.84285301661774,2025-10-02 09:08:56.805071+00,
466,DHOBY GHAUT GREEN,A park in Singapore: DHOBY GHAUT GREEN,1.2984301269505807,103.84584933421796,2025-10-02 09:08:56.805071+00,
467,HANDY RD OS,A park in Singapore: HANDY RD OS,1.2990570546594116,103.84780697048458,2025-10-02 09:08:56.805071+00,
468,BOUGAINVILLEA PK,A park in Singapore: BOUGAINVILLEA PK,1.3267341485452966,103.80762186035389,2025-10-02 09:08:56.805071+00,
469,UNIVERSITY RD PK,A park in Singapore: UNIVERSITY RD PK,1.3254507127857538,103.81767447386102,2025-10-02 09:08:56.805071+00,
470,GREENWOOD CRESCENT PG,A park in Singapore: GREENWOOD CRESCENT PG,1.3355062363588595,103.80548695379504,2025-10-02 09:08:56.805071+00,
471,ORCHID VILLAGE PG,A park in Singapore: ORCHID VILLAGE PG,1.335704021942395,103.80171316653193,2025-10-02 09:08:56.805071+00,
472,SHELFORD RD PG,A park in Singapore: SHELFORD RD PG,1.328370121120348,103.81043241139626,2025-10-02 09:08:56.805071+00,
473,WATTEN HEIGHTS PG,A park in Singapore: WATTEN HEIGHTS PG,1.3315101656988075,103.80818355774429,2025-10-02 09:08:56.805071+00,
474,NAMLY PK,A park in Singapore: NAMLY PK,1.3232989310291234,103.79658146709734,2025-10-02 09:08:56.805071+00,
475,SIXTH AVE PG,A park in Singapore: SIXTH AVE PG,1.3224359361605311,103.79128056190346,2025-10-02 09:08:56.805071+00,
476,KING'S DR PG,A park in Singapore: KING'S DR PG,1.319086675112928,103.80606154202394,2025-10-02 09:08:56.805071+00,
477,SUNSET WAY PK,A park in Singapore: SUNSET WAY PK,1.3276945793169321,103.76477924872367,2025-10-02 09:08:56.805071+00,
478,SUNSET WAY PG,A park in Singapore: SUNSET WAY PG,1.3267878202224332,103.76640642909675,2025-10-02 09:08:56.805071+00,
479,SUNSET HEIGHTS OS,A park in Singapore: SUNSET HEIGHTS OS,1.327945008025658,103.76886836516977,2025-10-02 09:08:56.805071+00,
480,CLEMENTI CRESCENT PG,A park in Singapore: CLEMENTI CRESCENT PG,1.3235224958162637,103.77329951691915,2025-10-02 09:08:56.805071+00,
481,HUA GUAN CRESCENT PG,A park in Singapore: HUA GUAN CRESCENT PG,1.3370105386444795,103.7850595398033,2025-10-02 09:08:56.805071+00,
482,GREENLEAF VIEW PK PG,A park in Singapore: GREENLEAF VIEW PK PG,1.3223225608427498,103.78807923436081,2025-10-02 09:08:56.805071+00,
483,GROVE LANE PG,A park in Singapore: GROVE LANE PG,1.3137632887413677,103.7842062105903,2025-10-02 09:08:56.805071+00,
484,JLN KEBAYA PG,A park in Singapore: JLN KEBAYA PG,1.3141149108976589,103.78024635822102,2025-10-02 09:08:56.805071+00,
485,MOUNT SINAI PLAIN PG,A park in Singapore: MOUNT SINAI PLAIN PG,1.3157210166715099,103.78109728549767,2025-10-02 09:08:56.805071+00,
486,HOLLAND GROVE VIEW FC,A park in Singapore: HOLLAND GROVE VIEW FC,1.3124745780961788,103.78278534837222,2025-10-02 09:08:56.805071+00,
487,HOLLAND GROVE VIEW PG,A park in Singapore: HOLLAND GROVE VIEW PG,1.3129296671523445,103.78122162363572,2025-10-02 09:08:56.805071+00,
488,HOLLAND GREEN PG,A park in Singapore: HOLLAND GREEN PG,1.3268109004608926,103.78257759536767,2025-10-02 09:08:56.805071+00,
489,MAYFAIR PK,A park in Singapore: MAYFAIR PK,1.3415555200005544,103.78089287498761,2025-10-02 09:08:56.805071+00,
490,HENRY PK,A park in Singapore: HENRY PK,1.3162571773594276,103.78311800015676,2025-10-02 09:08:56.805071+00,
491,PHOENIX PARK,A park in Singapore: PHOENIX PARK,1.3758898083445705,103.75723986270971,2025-10-02 09:08:56.805071+00,
492,CHENG SOON GARDEN PG,A park in Singapore: CHENG SOON GARDEN PG,1.3358863606370819,103.77168301094926,2025-10-02 09:08:56.805071+00,
493,CHU YEN PLAYGROUND,A park in Singapore: CHU YEN PLAYGROUND,1.358697170052659,103.75897633995594,2025-10-02 09:08:56.805071+00,
494,ENG KONG GARDEN PG,A park in Singapore: ENG KONG GARDEN PG,1.3369237422732272,103.76916336188069,2025-10-02 09:08:56.805071+00,
495,ENG KONG PLACE FC,A park in Singapore: ENG KONG PLACE FC,1.334739202719321,103.76724604913917,2025-10-02 09:08:56.805071+00,
496,GOLDEN RISE PG,A park in Singapore: GOLDEN RISE PG,1.336323647928762,103.76486852005382,2025-10-02 09:08:56.805071+00,
497,GREENRIDGE CRESCENT PG,A park in Singapore: GREENRIDGE CRESCENT PG,1.3342797127441772,103.76576322902989,2025-10-02 09:08:56.805071+00,
498,JALAN DERMAWAN PLAYGROUND,A park in Singapore: JALAN DERMAWAN PLAYGROUND,1.3606389456498547,103.75860584483674,2025-10-02 09:08:56.805071+00,
499,JALAN TEKUKOR PLAYGROUND,A park in Singapore: JALAN TEKUKOR PLAYGROUND,1.3461378955794994,103.76677601808633,2025-10-02 09:08:56.805071+00,
500,HOOVER PARK (LOR PISANG HIJAU PLAYGROUND),A park in Singapore: HOOVER PARK (LOR PISANG HIJAU PLAYGROUND),1.34387550950276,103.77302025529794,2025-10-02 09:08:56.805071+00,
501,HIGHGATE WALK PLAYGROUND,A park in Singapore: HIGHGATE WALK PLAYGROUND,1.340417184614863,103.76592436149276,2025-10-02 09:08:56.805071+00,
502,SAVOY PK PG,A park in Singapore: SAVOY PK PG,1.3334144853864318,103.76992667231652,2025-10-02 09:08:56.805071+00,
503,HILLVIEW CRESCENT PLAYGROUND,A park in Singapore: HILLVIEW CRESCENT PLAYGROUND,1.355262346001316,103.76116232991829,2025-10-02 09:08:56.805071+00,
504,BURGUNDY CRESCENT PLAYGROUND,A park in Singapore: BURGUNDY CRESCENT PLAYGROUND,1.3398270199089037,103.7609050344812,2025-10-02 09:08:56.805071+00,
505,PAVILION PARK PLAYGROUND,A park in Singapore: PAVILION PARK PLAYGROUND,1.372285673351409,103.75197729239298,2025-10-02 09:08:56.805071+00,
506,DUCHESS PK,A park in Singapore: DUCHESS PK,1.3242903125405507,103.80547941573253,2025-10-02 09:08:56.805071+00,
507,VICTORIA PARK PLAYGROUND,A park in Singapore: VICTORIA PARK PLAYGROUND,1.3219027993967765,103.8018099364379,2025-10-02 09:08:56.805071+00,
508,MAPLE LANE PARK,A park in Singapore: MAPLE LANE PARK,1.3299945741675625,103.79259115095014,2025-10-02 09:08:56.805071+00,
509,HOLLAND GREEN LINEAR PARK,A park in Singapore: HOLLAND GREEN LINEAR PARK,1.3271228350438102,103.78401697245168,2025-10-02 09:08:56.805071+00,
510,WEST COAST PARK,A park in Singapore: WEST COAST PARK,1.2974744660733224,103.76283334042782,2025-10-02 09:08:56.805071+00,
511,CLEMENTI WOODS PARK,A park in Singapore: CLEMENTI WOODS PARK,1.2989335350094564,103.76761685803038,2025-10-02 09:08:56.805071+00,
512,YUNNAN PARK,A park in Singapore: YUNNAN PARK,1.3374845229132715,103.6929015341445,2025-10-02 09:08:56.805071+00,
513,LAKESIDE GROVE PLAYGROUND,A park in Singapore: LAKESIDE GROVE PLAYGROUND,1.3400730144096729,103.71859444158254,2025-10-02 09:08:56.805071+00,
514,WESTWOOD PARK PLAYGROUND,A park in Singapore: WESTWOOD PARK PLAYGROUND,1.35180264784881,103.70105312473154,2025-10-02 09:08:56.805071+00,
515,WESTVILLE PLAYGROUND,A park in Singapore: WESTVILLE PLAYGROUND,1.353602235401215,103.69953571293017,2025-10-02 09:08:56.805071+00,
516,LAKESIDE GROVE FITNESS CORNER,A park in Singapore: LAKESIDE GROVE FITNESS CORNER,1.3397230462758167,103.71705725432878,2025-10-02 09:08:56.805071+00,
517,JALAN MAS KUNING PLAYGROUND,A park in Singapore: JALAN MAS KUNING PLAYGROUND,1.307851607722101,103.76352509593494,2025-10-02 09:08:56.805071+00,
518,JALAN MAS PUTEH PLAYGROUND,A park in Singapore: JALAN MAS PUTEH PLAYGROUND,1.3089863435762052,103.76200681668604,2025-10-02 09:08:56.805071+00,
519,PANDAN RESERVOIR FITNESS CORNER,A park in Singapore: PANDAN RESERVOIR FITNESS CORNER,1.3174990770561843,103.748747848672,2025-10-02 09:08:56.805071+00,
520,TAMAN MAS MERAH PLAYGROUND,A park in Singapore: TAMAN MAS MERAH PLAYGROUND,1.308703286123271,103.76472555154503,2025-10-02 09:08:56.805071+00,
521,WEST COAST GREEN PLAYGROUND,A park in Singapore: WEST COAST GREEN PLAYGROUND,1.3155603512098706,103.75636016964519,2025-10-02 09:08:56.805071+00,
522,WEST COAST PLACE PLAYGROUND,A park in Singapore: WEST COAST PLACE PLAYGROUND,1.3142539349187183,103.7584501679103,2025-10-02 09:08:56.805071+00,
523,FABER HILLS PLAYGROUND,A park in Singapore: FABER HILLS PLAYGROUND,1.3197672502536721,103.75797647582053,2025-10-02 09:08:56.805071+00,
524,FABER HEIGHTS OPEN SPACE,A park in Singapore: FABER HEIGHTS OPEN SPACE,1.3225526398909135,103.7576085677288,2025-10-02 09:08:56.805071+00,
525,JURONG CENTRAL PARK,A park in Singapore: JURONG CENTRAL PARK,1.3379796517930498,103.70787455681167,2025-10-02 09:08:56.805071+00,
526,PASIR PANJANG PARK,A park in Singapore: PASIR PANJANG PARK,1.278746579452599,103.78392469711306,2025-10-02 09:08:56.805071+00,
527,KENT RIDGE PARK,A park in Singapore: KENT RIDGE PARK,1.2843923645236939,103.79031876843679,2025-10-02 09:08:56.805071+00,
528,JAMBOL PLACE PARK,A park in Singapore: JAMBOL PLACE PARK,1.2790257618919407,103.79018535239055,2025-10-02 09:08:56.805071+00,
529,CHWEE CHIAN PLAYGROUND,A park in Singapore: CHWEE CHIAN PLAYGROUND,1.279572837078235,103.78895401879323,2025-10-02 09:08:56.805071+00,
530,ONE-NORTH PARK,A park in Singapore: ONE-NORTH PARK,1.3042782782065543,103.79036831078187,2025-10-02 09:08:56.805071+00,
531,MOUNT FABER PARK,A park in Singapore: MOUNT FABER PARK,1.2705515087384658,103.81933003105215,2025-10-02 09:08:56.805071+00,
532,TELOK BLANGAH HILL PARK,A park in Singapore: TELOK BLANGAH HILL PARK,1.2786594119326866,103.81025373344491,2025-10-02 09:08:56.805071+00,
533,GANGES AVE OS,A park in Singapore: GANGES AVE OS,1.290793230671245,103.83179846135349,2025-10-02 09:08:56.805071+00,
534,KIM PONG PARK,A park in Singapore: KIM PONG PARK,1.283590396304199,103.82973723189947,2025-10-02 09:08:56.805071+00,
535,BUKIT GOMBAK PARK,A park in Singapore: BUKIT GOMBAK PARK,1.3672173562028183,103.7524341787261,2025-10-02 09:08:56.805071+00,
536,TAMPINES BOULEVARD PARK,A park in Singapore: TAMPINES BOULEVARD PARK,1.363756342117129,103.94064313618165,2025-10-02 09:08:56.805071+00,
537,BOUNDARY ROAD PARK,A park in Singapore: BOUNDARY ROAD PARK,1.3540401971512352,103.87478098464692,2025-10-02 09:08:56.805071+00,
538,PARK AT SEMBAWANG ALLEY,A park in Singapore: PARK AT SEMBAWANG ALLEY,1.44873423987904,103.81904332032455,2025-10-02 09:08:56.805071+00,
539,JLN SENDUDOK PARK,A park in Singapore: JLN SENDUDOK PARK,1.4438998767847262,103.8271629651823,2025-10-02 09:08:56.805071+00,
540,TOH CLOSE INTERIM PARK,A park in Singapore: TOH CLOSE INTERIM PARK,1.3639140016919415,103.96992207870058,2025-10-02 09:08:56.805071+00,
541,EAST COAST PARK AREA E1 CAR PARK,A park in Singapore: EAST COAST PARK AREA E1 CAR PARK,1.3073206700428106,103.93021604239304,2025-10-02 09:08:56.805071+00,
542,PARLIAMENT PROMENADE,A park in Singapore: PARLIAMENT PROMENADE,1.2885815772928457,103.84999922976147,2025-10-02 09:08:56.805071+00,
543,CHANGI BEACH PK,A park in Singapore: CHANGI BEACH PK,1.3831593733995575,104.00175372183348,2025-10-02 09:08:56.805071+00,
544,NW502D,A park in Singapore: NW502D,1.443216249561224,103.8298393418044,2025-10-02 09:08:56.805071+00,
545,JLG: LAKESIDE GARDEN,A park in Singapore: JLG: LAKESIDE GARDEN,1.3336633524010115,103.72694973622696,2025-10-02 09:08:56.805071+00,
546,CITY GREEN,A park in Singapore: CITY GREEN,1.3118468213994965,103.85602245803376,2025-10-02 09:08:56.805071+00,
547,SILAT AVENUE PARK,A park in Singapore: SILAT AVENUE PARK,1.2760758381495587,103.82980087493317,2025-10-02 09:08:56.805071+00,
548,WOODLANDS HEALING GARDEN,A park in Singapore: WOODLANDS HEALING GARDEN,1.425069285358305,103.79271594626627,2025-10-02 09:08:56.805071+00,
549,MENG SUAN INTERIM PARK,A park in Singapore: MENG SUAN INTERIM PARK,1.4029897819398731,103.81536660776065,2025-10-02 09:08:56.805071+00,
550,MARKET STREET PARK,A park in Singapore: MARKET STREET PARK,1.2834506208363536,103.85025686606404,2025-10-02 09:08:56.805071+00,